group	group_name	start	end	width	names
1	NA	556	556	1	D
1	NA	940	945	6	D
2	NA	104	115	12	D
2	NA	296	296	1	D
2	NA	938	938	1	D
2	NA	943	944	2	D
2	NA	975	975	1	D
2	NA	1265	1264	0	I
2	NA	1340	1340	1	D
2	NA	1396	1395	0	I
2	NA	1434	1433	0	I
2	NA	1471	1470	0	I
2	NA	1474	1473	0	I
2	NA	1477	1477	1	D
2	NA	1536	1536	1	D
2	NA	1609	1609	1	D
2	NA	1678	1678	1	D
2	NA	1909	1909	1	D
5	NA	358	357	0	I
5	NA	909	945	37	D
5	NA	1825	1825	1	D
6	NA	1068	1068	1	D
6	NA	1750	1749	0	I
6	NA	1801	1801	1	D
7	NA	605	604	0	I
7	NA	928	927	0	I
7	NA	975	974	0	I
7	NA	1016	1016	1	D
7	NA	1167	1167	1	D
7	NA	1201	1201	1	D
9	NA	318	318	1	D
9	NA	860	859	0	I
11	NA	347	347	1	X
11	NA	1005	1004	0	I
11	NA	1536	1536	1	D
13	NA	91	90	0	I
13	NA	312	311	0	I
13	NA	967	967	1	D
13	NA	1007	1006	0	I
13	NA	1030	1029	0	I
14	NA	104	103	0	I
14	NA	641	640	0	I
14	NA	1609	1608	0	I
14	NA	1624	1623	0	I
14	NA	1890	1889	0	I
15	NA	963	965	3	X
15	NA	968	970	3	X
15	NA	1067	1069	3	X
15	NA	1094	1094	1	X
16	NA	104	117	14	D
17	NA	49	49	1	D
17	NA	102	102	1	X
17	NA	104	103	0	I
17	NA	130	129	0	I
17	NA	190	190	1	D
17	NA	318	317	0	I
17	NA	787	787	1	D
17	NA	881	880	0	I
17	NA	1030	1029	0	I
17	NA	1390	1390	1	D
17	NA	1890	1890	1	D
17	NA	1911	1911	1	D
18	NA	518	517	0	I
18	NA	719	718	0	I
18	NA	907	906	0	I
18	NA	951	951	1	D
18	NA	1081	1081	1	D
18	NA	1395	1394	0	I
18	NA	1525	1524	0	I
18	NA	1559	1558	0	I
20	NA	877	876	0	I
20	NA	941	940	0	I
20	NA	944	943	0	I
20	NA	945	945	1	X
20	NA	1801	1801	1	D
21	NA	532	532	1	D
21	NA	1454	1454	1	D
23	NA	586	586	1	D
23	NA	1825	1825	1	D
24	NA	102	113	12	D
24	NA	456	455	0	I
24	NA	532	532	1	D
24	NA	1673	1673	1	D
25	NA	103	102	0	I
25	NA	940	945	6	D
26	NA	104	103	0	I
26	NA	843	843	1	D
26	NA	946	963	18	D
26	NA	1890	1890	1	D
27	NA	103	102	0	I
27	NA	848	847	0	I
28	NA	102	113	12	D
30	NA	103	102	0	I
30	NA	289	288	0	I
30	NA	1825	1825	1	D
32	NA	197	196	0	I
32	NA	289	288	0	I
32	NA	437	436	0	I
32	NA	448	447	0	I
32	NA	556	555	0	I
32	NA	925	925	1	X
32	NA	927	926	0	I
32	NA	1727	1727	1	D
32	NA	1825	1825	1	D
33	NA	940	945	6	D
34	NA	28	28	1	D
34	NA	160	159	0	I
34	NA	358	357	0	I
34	NA	944	945	2	D
34	NA	946	946	1	X
34	NA	1167	1167	1	D
34	NA	1244	1243	0	I
34	NA	1565	1564	0	I
35	NA	104	103	0	I
35	NA	164	163	0	I
35	NA	370	370	1	D
35	NA	946	963	18	D
35	NA	1058	1057	0	I
35	NA	1171	1171	1	D
35	NA	1201	1200	0	I
35	NA	1324	1323	0	I
35	NA	1402	1401	0	I
35	NA	1536	1536	1	D
35	NA	1609	1609	1	D
35	NA	1825	1825	1	D
36	NA	104	103	0	I
36	NA	938	937	0	I
36	NA	947	964	18	D
36	NA	1051	1050	0	I
36	NA	1055	1054	0	I
36	NA	1149	1148	0	I
36	NA	1865	1865	1	D
37	NA	103	106	4	D
37	NA	108	109	2	X
37	NA	112	113	2	D
37	NA	223	223	1	D
37	NA	283	283	1	D
37	NA	289	289	1	D
37	NA	512	512	1	X
37	NA	514	514	1	X
37	NA	886	885	0	I
37	NA	1302	1302	1	D
37	NA	1319	1318	0	I
37	NA	1492	1492	1	D
39	NA	887	886	0	I
39	NA	1543	1542	0	I
40	NA	104	103	0	I
40	NA	365	364	0	I
40	NA	532	531	0	I
40	NA	1787	1787	1	D
41	NA	104	103	0	I
41	NA	942	945	4	D
41	NA	1167	1166	0	I
42	NA	945	964	20	D
42	NA	1201	1200	0	I
42	NA	1357	1356	0	I
42	NA	1361	1360	0	I
42	NA	1463	1462	0	I
42	NA	1792	1791	0	I
43	NA	104	103	0	I
43	NA	940	945	6	D
44	NA	78	78	1	D
44	NA	241	240	0	I
44	NA	383	382	0	I
44	NA	637	636	0	I
44	NA	872	871	0	I
44	NA	1740	1740	1	D
45	NA	136	135	0	I
45	NA	153	152	0	I
45	NA	190	190	1	D
45	NA	241	241	1	D
45	NA	279	278	0	I
45	NA	303	302	0	I
45	NA	358	358	1	D
45	NA	380	380	1	D
45	NA	532	532	1	D
45	NA	872	871	0	I
45	NA	946	950	5	D
45	NA	1086	1085	0	I
45	NA	1300	1299	0	I
45	NA	1332	1332	1	D
45	NA	1355	1354	0	I
45	NA	1536	1536	1	D
45	NA	1571	1570	0	I
45	NA	1764	1763	0	I
45	NA	1808	1807	0	I
45	NA	1890	1890	1	D
46	NA	394	394	1	D
46	NA	532	532	1	D
46	NA	565	565	1	D
46	NA	848	847	0	I
46	NA	1007	1007	1	D
46	NA	1155	1155	1	D
46	NA	1633	1633	1	D
46	NA	1801	1801	1	D
46	NA	1810	1810	1	D
46	NA	1825	1825	1	D
46	NA	1861	1861	1	D
46	NA	1890	1890	1	D
47	NA	103	102	0	I
47	NA	157	156	0	I
47	NA	235	235	1	D
47	NA	264	263	0	I
47	NA	326	325	0	I
47	NA	586	586	1	D
47	NA	877	877	1	D
47	NA	897	897	1	D
47	NA	940	945	6	D
47	NA	1890	1890	1	D
48	NA	532	532	1	D
48	NA	1865	1865	1	D
49	NA	456	455	0	I
49	NA	701	700	0	I
49	NA	911	910	0	I
49	NA	913	912	0	I
49	NA	932	931	0	I
49	NA	940	945	6	D
49	NA	1201	1200	0	I
50	NA	3	3	1	D
50	NA	28	28	1	D
50	NA	212	211	0	I
50	NA	586	586	1	D
50	NA	915	914	0	I
50	NA	937	944	8	D
50	NA	1865	1865	1	D
51	NA	1201	1200	0	I
51	NA	1508	1507	0	I
52	NA	45	45	1	D
52	NA	1787	1787	1	D
53	NA	104	103	0	I
53	NA	940	945	6	D
54	NA	104	103	0	I
54	NA	1016	1015	0	I
55	NA	104	103	0	I
55	NA	106	105	0	I
55	NA	164	163	0	I
55	NA	411	410	0	I
55	NA	677	677	1	D
55	NA	1336	1335	0	I
55	NA	1735	1735	1	D
55	NA	1787	1787	1	D
55	NA	1919	1919	1	D
56	NA	103	102	0	I
57	NA	49	48	0	I
57	NA	485	484	0	I
57	NA	586	586	1	D
57	NA	663	662	0	I
57	NA	751	751	1	D
57	NA	848	848	1	D
57	NA	946	945	0	I
57	NA	963	965	3	X
57	NA	968	970	3	X
57	NA	1067	1069	3	X
57	NA	1094	1094	1	X
57	NA	1487	1486	0	I
57	NA	1810	1810	1	D
57	NA	1824	1823	0	I
58	NA	26	143	118	D
58	NA	939	949	11	D
58	NA	1890	1890	1	D
59	NA	28	28	1	D
60	NA	104	103	0	I
60	NA	1760	1760	1	X
61	NA	77	76	0	I
61	NA	103	102	0	I
61	NA	306	305	0	I
61	NA	440	439	0	I
61	NA	515	514	0	I
61	NA	704	703	0	I
61	NA	793	792	0	I
61	NA	833	832	0	I
61	NA	888	887	0	I
61	NA	1042	1041	0	I
61	NA	1328	1327	0	I
61	NA	1752	1751	0	I
61	NA	1801	1800	0	I
61	NA	1882	1883	2	X
62	NA	370	370	1	D
62	NA	938	938	1	D
62	NA	944	945	2	D
62	NA	946	946	1	X
62	NA	1604	1604	1	D
62	NA	1689	1688	0	I
63	NA	28	28	1	D
63	NA	103	102	0	I
63	NA	331	330	0	I
63	NA	394	394	1	D
63	NA	693	692	0	I
63	NA	892	891	0	I
63	NA	897	896	0	I
63	NA	996	995	0	I
63	NA	1058	1057	0	I
63	NA	1250	1250	1	D
63	NA	1423	1422	0	I
63	NA	1440	1440	1	D
63	NA	1478	1477	0	I
63	NA	1861	1861	1	D
63	NA	1890	1890	1	D
64	NA	394	394	1	D
64	NA	963	965	3	X
64	NA	968	970	3	X
64	NA	1012	1012	1	D
65	NA	936	939	4	D
66	NA	104	103	0	I
66	NA	1890	1890	1	D
67	NA	104	103	0	I
67	NA	1890	1890	1	D
68	NA	235	234	0	I
68	NA	287	287	1	D
68	NA	422	421	0	I
68	NA	454	453	0	I
68	NA	667	667	1	X
68	NA	847	848	2	D
68	NA	875	874	0	I
68	NA	1145	1144	0	I
68	NA	1211	1210	0	I
68	NA	1214	1213	0	I
68	NA	1229	1228	0	I
68	NA	1382	1381	0	I
68	NA	1698	1697	0	I
68	NA	1760	1759	0	I
68	NA	1840	1839	0	I
69	NA	104	162	59	D
69	NA	842	842	1	X
69	NA	845	845	1	X
69	NA	847	854	8	D
69	NA	857	858	2	X
69	NA	862	870	9	D
69	NA	871	871	1	X
69	NA	879	880	2	X
69	NA	882	883	2	X
69	NA	885	884	0	I
69	NA	887	887	1	X
69	NA	890	893	4	D
69	NA	896	896	1	X
69	NA	900	899	0	I
69	NA	905	905	1	D
69	NA	908	910	3	X
69	NA	912	915	4	D
69	NA	919	918	0	I
69	NA	919	919	1	X
69	NA	924	923	0	I
69	NA	927	926	0	I
69	NA	931	931	1	X
69	NA	933	944	12	D
69	NA	1409	1408	0	I
69	NA	1415	1414	0	I
69	NA	1418	1417	0	I
70	NA	28	28	1	D
70	NA	104	103	0	I
70	NA	394	394	1	D
70	NA	1409	1409	1	D
70	NA	1550	1549	0	I
70	NA	1609	1609	1	D
70	NA	1673	1673	1	D
71	NA	1700	1700	1	X
71	NA	1890	1890	1	D
72	NA	45	44	0	I
73	NA	370	370	1	D
73	NA	394	394	1	D
75	NA	45	45	1	D
75	NA	173	173	1	D
75	NA	513	513	1	D
75	NA	573	573	1	D
75	NA	701	701	1	D
75	NA	838	837	0	I
75	NA	1075	1074	0	I
75	NA	1155	1155	1	D
75	NA	1302	1302	1	D
75	NA	1372	1372	1	D
75	NA	1536	1536	1	D
75	NA	1620	1619	0	I
75	NA	1758	1757	0	I
75	NA	1787	1787	1	D
75	NA	1817	1816	0	I
75	NA	1875	1875	1	D
75	NA	1890	1890	1	D
75	NA	1919	1918	0	I
77	NA	586	586	1	D
77	NA	936	939	4	D
78	NA	103	103	1	X
78	NA	701	701	1	D
78	NA	1244	1244	1	D
79	NA	57	56	0	I
79	NA	241	241	1	D
79	NA	286	286	1	D
79	NA	563	562	0	I
79	NA	573	573	1	D
79	NA	592	592	1	D
79	NA	624	624	1	D
79	NA	661	661	1	D
79	NA	755	755	1	D
79	NA	994	994	1	D
79	NA	1042	1041	0	I
79	NA	1058	1058	1	D
79	NA	1180	1179	0	I
79	NA	1201	1201	1	D
79	NA	1229	1229	1	D
80	NA	104	103	0	I
80	NA	943	944	2	D
81	NA	102	113	12	D
81	NA	306	306	1	D
81	NA	586	586	1	D
81	NA	1194	1194	1	D
82	NA	104	103	0	I
82	NA	509	508	0	I
83	NA	104	103	0	I
83	NA	358	358	1	D
83	NA	532	532	1	D
83	NA	550	549	0	I
83	NA	586	586	1	D
83	NA	1151	1150	0	I
83	NA	1825	1825	1	D
84	NA	14	13	0	I
84	NA	303	302	0	I
84	NA	311	310	0	I
84	NA	343	343	1	D
84	NA	479	478	0	I
84	NA	751	750	0	I
84	NA	923	923	1	D
84	NA	1092	1092	1	D
84	NA	1440	1440	1	D
84	NA	1702	1701	0	I
84	NA	1716	1716	1	D
84	NA	1876	1877	2	D
84	NA	1888	1888	1	X
84	NA	1890	1890	1	X
85	NA	104	117	14	D
86	NA	103	102	0	I
88	NA	945	964	20	D
89	NA	103	102	0	I
90	NA	104	103	0	I
90	NA	586	586	1	D
90	NA	1810	1810	1	D
90	NA	1825	1825	1	D
91	NA	363	363	1	D
91	NA	940	945	6	D
91	NA	1457	1457	1	D
92	NA	289	289	1	D
92	NA	843	843	1	D
92	NA	1653	1652	0	I
94	NA	104	103	0	I
94	NA	946	963	18	D
95	NA	104	103	0	I
96	NA	28	28	1	D
96	NA	860	860	1	D
96	NA	1324	1324	1	D
96	NA	1801	1801	1	D
97	NA	104	103	0	I
98	NA	28	27	0	I
98	NA	508	509	2	X
99	NA	843	843	1	D
99	NA	1201	1200	0	I
99	NA	1571	1570	0	I
100	NA	104	103	0	I
101	NA	28	28	1	D
101	NA	45	45	1	D
101	NA	238	238	1	D
101	NA	289	289	1	D
101	NA	407	406	0	I
101	NA	520	520	1	D
101	NA	573	573	1	D
101	NA	592	592	1	D
101	NA	811	811	1	D
101	NA	939	945	7	D
101	NA	1016	1016	1	D
101	NA	1167	1167	1	D
101	NA	1575	1575	1	D
101	NA	1754	1754	1	D
101	NA	1825	1825	1	D
101	NA	1875	1875	1	D
102	NA	104	162	59	D
102	NA	842	842	1	X
102	NA	845	845	1	X
102	NA	847	854	8	D
102	NA	857	858	2	X
102	NA	862	870	9	D
102	NA	871	871	1	X
102	NA	879	880	2	X
102	NA	882	883	2	X
102	NA	885	884	0	I
102	NA	887	887	1	X
102	NA	890	893	4	D
102	NA	896	896	1	X
102	NA	900	899	0	I
102	NA	905	905	1	D
102	NA	908	910	3	X
102	NA	912	915	4	D
102	NA	919	918	0	I
102	NA	919	919	1	X
102	NA	924	923	0	I
102	NA	927	926	0	I
102	NA	931	931	1	X
102	NA	933	944	12	D
102	NA	1007	1007	1	D
102	NA	1801	1801	1	D
102	NA	1810	1810	1	D
102	NA	1857	1858	2	D
102	NA	1861	1861	1	X
103	NA	394	394	1	D
103	NA	936	939	4	D
103	NA	1075	1075	1	D
103	NA	1890	1890	1	D
104	NA	306	306	1	D
104	NA	884	884	1	D
104	NA	939	945	7	D
104	NA	968	969	2	D
104	NA	1070	1069	0	I
104	NA	1172	1172	1	X
104	NA	1174	1173	0	I
104	NA	1361	1361	1	X
104	NA	1439	1438	0	I
104	NA	1747	1747	1	D
104	NA	1810	1810	1	D
105	NA	400	399	0	I
105	NA	1279	1278	0	I
105	NA	1346	1345	0	I
105	NA	1381	1380	0	I
105	NA	1507	1506	0	I
106	NA	28	28	1	D
107	NA	59	58	0	I
107	NA	104	103	0	I
107	NA	318	318	1	D
107	NA	520	520	1	D
107	NA	718	717	0	I
107	NA	940	945	6	D
107	NA	1139	1138	0	I
107	NA	1229	1228	0	I
107	NA	1254	1253	0	I
107	NA	1382	1381	0	I
107	NA	1408	1408	1	D
107	NA	1583	1582	0	I
107	NA	1609	1609	1	D
107	NA	1820	1819	0	I
107	NA	1825	1825	1	D
107	NA	1909	1909	1	D
107	NA	1916	1915	0	I
109	NA	103	102	0	I
110	NA	104	103	0	I
110	NA	946	945	0	I
110	NA	1301	1300	0	I
111	NA	164	163	0	I
111	NA	303	302	0	I
111	NA	445	444	0	I
111	NA	607	607	1	D
111	NA	1332	1331	0	I
111	NA	1536	1536	1	D
111	NA	1653	1652	0	I
112	NA	104	103	0	I
112	NA	318	318	1	D
112	NA	877	877	1	D
112	NA	1440	1440	1	D
112	NA	1825	1825	1	D
114	NA	28	28	1	D
114	NA	586	586	1	D
115	NA	1324	1324	1	D
116	NA	102	113	12	D
117	NA	104	103	0	I
117	NA	116	117	2	D
117	NA	548	548	1	D
117	NA	1160	1159	0	I
117	NA	1171	1171	1	D
117	NA	1324	1324	1	D
117	NA	1661	1661	1	D
117	NA	1787	1787	1	D
118	NA	139	138	0	I
118	NA	1244	1244	1	D
118	NA	1865	1865	1	D
119	NA	26	143	118	D
119	NA	939	949	11	D
120	NA	104	103	0	I
120	NA	186	185	0	I
120	NA	454	453	0	I
120	NA	532	531	0	I
120	NA	712	711	0	I
120	NA	751	750	0	I
120	NA	940	945	6	D
120	NA	1151	1150	0	I
120	NA	1201	1201	1	D
120	NA	1483	1482	0	I
120	NA	1890	1889	0	I
121	NA	104	103	0	I
121	NA	1890	1890	1	D
122	NA	103	102	0	I
123	NA	102	113	12	D
124	NA	1743	1742	0	I
125	NA	394	394	1	D
125	NA	586	586	1	D
125	NA	940	945	6	D
126	NA	173	172	0	I
126	NA	425	425	1	D
126	NA	545	545	1	D
126	NA	600	599	0	I
126	NA	650	649	0	I
126	NA	1754	1753	0	I
127	NA	425	424	0	I
127	NA	1536	1536	1	D
127	NA	1810	1810	1	D
129	NA	104	117	14	D
129	NA	392	392	1	D
130	NA	108	108	1	D
130	NA	135	134	0	I
130	NA	318	318	1	D
130	NA	556	555	0	I
130	NA	756	755	0	I
130	NA	1003	1002	0	I
130	NA	1007	1006	0	I
130	NA	1201	1200	0	I
130	NA	1440	1440	1	D
130	NA	1737	1737	1	D
130	NA	1746	1745	0	I
130	NA	1771	1771	1	D
131	NA	223	223	1	D
131	NA	326	325	0	I
131	NA	561	561	1	D
131	NA	1609	1609	1	D
131	NA	1890	1890	1	D
132	NA	104	103	0	I
132	NA	708	708	1	D
132	NA	943	944	2	D
132	NA	1771	1771	1	D
132	NA	1890	1890	1	D
135	NA	940	945	6	D
136	NA	28	28	1	D
136	NA	104	103	0	I
136	NA	194	193	0	I
136	NA	302	301	0	I
136	NA	701	701	1	D
136	NA	838	838	1	D
136	NA	1012	1012	1	D
136	NA	1162	1161	0	I
137	NA	104	103	0	I
137	NA	586	586	1	D
137	NA	946	946	1	D
138	NA	103	102	0	I
138	NA	318	318	1	D
138	NA	877	877	1	D
138	NA	940	945	6	D
138	NA	1201	1200	0	I
139	NA	104	117	14	D
139	NA	1923	1923	1	X
140	NA	104	103	0	I
140	NA	940	945	6	D
141	NA	872	872	1	D
141	NA	963	965	3	X
141	NA	968	970	3	X
142	NA	104	105	2	D
142	NA	830	829	0	I
142	NA	833	833	1	X
142	NA	835	836	2	X
142	NA	839	838	0	I
142	NA	841	843	3	X
142	NA	846	846	1	X
142	NA	849	850	2	X
142	NA	853	852	0	I
142	NA	855	854	0	I
142	NA	857	859	3	X
142	NA	862	861	0	I
142	NA	865	866	2	X
142	NA	868	870	3	X
142	NA	873	872	0	I
142	NA	876	875	0	I
142	NA	877	877	1	X
142	NA	881	881	1	X
142	NA	885	884	0	I
142	NA	886	886	1	X
142	NA	890	889	0	I
142	NA	891	892	2	X
142	NA	897	896	0	I
142	NA	899	899	1	X
142	NA	902	901	0	I
142	NA	908	909	2	X
142	NA	913	912	0	I
142	NA	916	915	0	I
142	NA	916	916	1	X
142	NA	919	921	3	X
142	NA	923	924	2	X
142	NA	927	926	0	I
142	NA	930	930	1	X
142	NA	932	934	3	X
142	NA	937	937	1	X
142	NA	940	939	0	I
142	NA	943	946	4	X
142	NA	949	948	0	I
142	NA	949	949	1	X
142	NA	953	953	1	X
142	NA	957	956	0	I
142	NA	960	960	1	X
143	NA	103	102	0	I
143	NA	940	945	6	D
144	NA	104	103	0	I
144	NA	946	946	1	D
144	NA	963	965	3	X
144	NA	968	968	1	D
144	NA	969	970	2	X
145	NA	104	103	0	I
146	NA	940	945	6	D
146	NA	988	987	0	I
147	NA	104	117	14	D
147	NA	725	724	0	I
147	NA	734	733	0	I
147	NA	774	773	0	I
147	NA	1220	1219	0	I
147	NA	1710	1709	0	I
148	NA	103	102	0	I
148	NA	283	283	1	D
148	NA	306	306	1	D
148	NA	394	394	1	D
148	NA	932	931	0	I
148	NA	940	945	6	D
148	NA	962	962	1	D
148	NA	1012	1012	1	D
148	NA	1081	1080	0	I
148	NA	1145	1145	1	D
148	NA	1236	1235	0	I
148	NA	1248	1248	1	D
148	NA	1277	1277	1	D
148	NA	1337	1336	0	I
148	NA	1429	1428	0	I
148	NA	1628	1627	0	I
148	NA	1853	1852	0	I
149	NA	104	103	0	I
149	NA	940	945	6	D
150	NA	103	102	0	I
150	NA	1007	1007	1	D
150	NA	1292	1291	0	I
150	NA	1463	1462	0	I
150	NA	1691	1691	1	D
150	NA	1766	1765	0	I
150	NA	1771	1771	1	D
150	NA	1873	1872	0	I
150	NA	1897	1896	0	I
151	NA	370	369	0	I
151	NA	383	383	1	D
151	NA	445	444	0	I
151	NA	1201	1200	0	I
151	NA	1214	1213	0	I
151	NA	1324	1324	1	D
151	NA	1609	1608	0	I
151	NA	1771	1771	1	D
151	NA	1890	1889	0	I
152	NA	103	102	0	I
152	NA	339	338	0	I
152	NA	600	600	1	D
152	NA	806	806	1	D
152	NA	1536	1536	1	D
152	NA	1547	1546	0	I
152	NA	1749	1748	0	I
152	NA	1861	1861	1	D
153	NA	1	1	1	X
153	NA	28	28	1	D
153	NA	45	44	0	I
153	NA	520	520	1	D
153	NA	586	585	0	I
153	NA	727	726	0	I
153	NA	847	847	1	X
153	NA	1081	1080	0	I
153	NA	1271	1270	0	I
153	NA	1382	1381	0	I
153	NA	1532	1531	0	I
153	NA	1549	1549	1	D
153	NA	1667	1666	0	I
153	NA	1764	1764	1	D
153	NA	1871	1871	1	D
153	NA	1883	1883	1	D
154	NA	78	78	1	D
154	NA	586	586	1	D
154	NA	672	671	0	I
154	NA	1201	1201	1	D
155	NA	104	103	0	I
155	NA	822	821	0	I
155	NA	1229	1229	1	X
155	NA	1293	1293	1	X
155	NA	1361	1361	1	X
155	NA	1413	1413	1	X
156	NA	104	103	0	I
156	NA	358	358	1	D
156	NA	940	945	6	D
157	NA	946	947	2	D
158	NA	25	25	1	D
158	NA	838	837	0	I
158	NA	877	877	1	D
158	NA	940	945	6	D
158	NA	1167	1167	1	D
160	NA	103	102	0	I
161	NA	104	103	0	I
161	NA	1695	1694	0	I
162	NA	103	102	0	I
162	NA	394	394	1	D
162	NA	567	567	1	D
162	NA	586	586	1	D
162	NA	600	599	0	I
162	NA	1390	1390	1	D
162	NA	1536	1536	1	D
162	NA	1676	1675	0	I
163	NA	104	103	0	I
164	NA	104	105	2	D
164	NA	830	829	0	I
164	NA	833	833	1	X
164	NA	835	836	2	X
164	NA	839	838	0	I
164	NA	841	843	3	X
164	NA	846	846	1	X
164	NA	849	850	2	X
164	NA	853	852	0	I
164	NA	855	854	0	I
164	NA	857	859	3	X
164	NA	862	861	0	I
164	NA	865	866	2	X
164	NA	868	870	3	X
164	NA	873	872	0	I
164	NA	876	875	0	I
164	NA	877	877	1	X
164	NA	881	881	1	X
164	NA	885	884	0	I
164	NA	886	886	1	X
164	NA	890	889	0	I
164	NA	891	892	2	X
164	NA	897	896	0	I
164	NA	899	899	1	X
164	NA	902	901	0	I
164	NA	908	909	2	X
164	NA	913	912	0	I
164	NA	916	915	0	I
164	NA	916	916	1	X
164	NA	919	921	3	X
164	NA	923	924	2	X
164	NA	927	926	0	I
164	NA	930	930	1	X
164	NA	932	934	3	X
164	NA	937	937	1	X
164	NA	940	939	0	I
164	NA	943	946	4	X
164	NA	949	948	0	I
164	NA	949	949	1	X
164	NA	953	953	1	X
164	NA	957	956	0	I
164	NA	960	960	1	X
165	NA	104	103	0	I
165	NA	508	507	0	I
165	NA	860	860	1	D
165	NA	945	964	20	D
165	NA	1201	1200	0	I
166	NA	158	158	1	D
166	NA	370	370	1	D
166	NA	443	442	0	I
166	NA	865	865	1	D
166	NA	1536	1536	1	D
166	NA	1850	1850	1	D
167	NA	946	945	0	I
168	NA	103	103	1	X
169	NA	607	607	1	D
169	NA	741	741	1	D
170	NA	104	162	59	D
170	NA	167	166	0	I
170	NA	842	842	1	X
170	NA	845	845	1	X
170	NA	847	854	8	D
170	NA	857	858	2	X
170	NA	862	870	9	D
170	NA	871	871	1	X
170	NA	879	880	2	X
170	NA	882	883	2	X
170	NA	885	884	0	I
170	NA	887	887	1	X
170	NA	890	893	4	D
170	NA	896	896	1	X
170	NA	900	899	0	I
170	NA	905	905	1	D
170	NA	908	910	3	X
170	NA	912	915	4	D
170	NA	919	918	0	I
170	NA	919	919	1	X
170	NA	924	923	0	I
170	NA	927	926	0	I
170	NA	931	931	1	X
170	NA	933	944	12	D
171	NA	1	1	1	X
171	NA	57	56	0	I
171	NA	250	250	1	D
171	NA	279	278	0	I
171	NA	719	718	0	I
171	NA	871	871	1	X
171	NA	877	876	0	I
171	NA	963	965	3	X
171	NA	968	970	3	X
171	NA	1067	1069	3	X
171	NA	1075	1075	1	D
171	NA	1094	1094	1	X
171	NA	1115	1115	1	X
171	NA	1117	1117	1	X
171	NA	1133	1132	0	I
171	NA	1201	1200	0	I
171	NA	1250	1250	1	D
171	NA	1352	1351	0	I
171	NA	1419	1419	1	D
171	NA	1445	1445	1	D
171	NA	1489	1488	0	I
171	NA	1776	1775	0	I
171	NA	1801	1800	0	I
171	NA	1865	1865	1	D
171	NA	1916	1916	1	D
172	NA	556	556	1	D
172	NA	881	881	1	D
172	NA	940	945	6	D
172	NA	1007	1006	0	I
172	NA	1254	1253	0	I
172	NA	1865	1865	1	D
173	NA	36	35	0	I
173	NA	103	102	0	I
174	NA	22	22	1	D
174	NA	62	62	1	D
174	NA	78	77	0	I
174	NA	124	123	0	I
174	NA	195	195	1	D
174	NA	212	211	0	I
174	NA	394	394	1	D
174	NA	456	455	0	I
174	NA	774	773	0	I
174	NA	803	802	0	I
174	NA	1070	1070	1	D
174	NA	1094	1093	0	I
174	NA	1128	1128	1	D
174	NA	1171	1171	1	D
174	NA	1655	1654	0	I
174	NA	1747	1747	1	D
174	NA	1787	1787	1	D
174	NA	1825	1825	1	D
175	NA	104	103	0	I
175	NA	945	948	4	D
175	NA	1201	1200	0	I
176	NA	103	102	0	I
177	NA	102	113	12	D
177	NA	264	263	0	I
177	NA	1167	1167	1	D
177	NA	1201	1200	0	I
177	NA	1214	1214	1	D
177	NA	1451	1450	0	I
177	NA	1865	1865	1	D
178	NA	104	103	0	I
179	NA	283	283	1	D
179	NA	960	960	1	D
179	NA	1201	1200	0	I
179	NA	1552	1552	1	D
179	NA	1776	1775	0	I
180	NA	28	28	1	D
180	NA	104	103	0	I
180	NA	136	135	0	I
180	NA	394	394	1	D
180	NA	787	787	1	D
180	NA	1007	1007	1	D
180	NA	1155	1154	0	I
181	NA	940	945	6	D
181	NA	1201	1201	1	D
182	NA	806	806	1	D
182	NA	942	945	4	D
183	NA	28	28	1	D
183	NA	104	103	0	I
184	NA	18	17	0	I
184	NA	104	103	0	I
184	NA	617	616	0	I
184	NA	759	759	1	D
185	NA	104	103	0	I
185	NA	509	508	0	I
185	NA	945	948	4	D
186	NA	23	82	60	D
186	NA	84	84	1	X
186	NA	90	90	1	X
186	NA	92	94	3	X
186	NA	96	96	1	X
186	NA	98	99	2	X
186	NA	102	103	2	X
186	NA	106	113	8	D
186	NA	115	115	1	X
186	NA	140	160	21	D
186	NA	161	162	2	X
186	NA	168	167	0	I
186	NA	171	171	1	X
186	NA	173	173	1	X
186	NA	176	177	2	X
186	NA	181	182	2	X
186	NA	184	185	2	X
186	NA	190	190	1	X
186	NA	194	195	2	X
186	NA	199	199	1	X
186	NA	209	209	1	X
186	NA	215	218	4	X
186	NA	220	223	4	X
186	NA	239	238	0	I
186	NA	239	239	1	X
186	NA	243	242	0	I
186	NA	248	250	3	D
186	NA	255	256	2	X
186	NA	258	258	1	X
186	NA	263	265	3	X
186	NA	273	277	5	X
186	NA	282	284	3	D
186	NA	285	286	2	X
186	NA	290	292	3	X
186	NA	299	299	1	X
186	NA	301	302	2	X
186	NA	308	309	2	X
186	NA	312	312	1	X
186	NA	316	315	0	I
186	NA	318	319	2	X
186	NA	322	322	1	X
186	NA	324	327	4	D
186	NA	329	329	1	X
186	NA	332	331	0	I
186	NA	338	341	4	X
186	NA	344	345	2	X
186	NA	348	348	1	X
186	NA	351	356	6	X
186	NA	363	363	1	X
186	NA	365	365	1	X
186	NA	370	369	0	I
186	NA	371	370	0	I
186	NA	372	372	1	X
186	NA	378	378	1	X
186	NA	382	382	1	X
186	NA	386	389	4	X
186	NA	392	392	1	X
186	NA	394	394	1	X
186	NA	400	400	1	X
186	NA	405	405	1	X
186	NA	407	411	5	X
186	NA	419	421	3	X
186	NA	424	426	3	X
186	NA	431	431	1	X
186	NA	438	438	1	X
186	NA	443	442	0	I
186	NA	443	443	1	X
186	NA	449	448	0	I
186	NA	453	452	0	I
186	NA	456	458	3	D
186	NA	462	462	1	X
186	NA	464	463	0	I
186	NA	466	465	0	I
186	NA	468	468	1	X
186	NA	470	471	2	X
186	NA	473	473	1	X
186	NA	482	481	0	I
186	NA	486	486	1	X
186	NA	489	489	1	X
186	NA	494	493	0	I
186	NA	497	498	2	X
186	NA	503	506	4	X
186	NA	509	510	2	X
186	NA	513	512	0	I
186	NA	521	520	0	I
186	NA	524	524	1	X
186	NA	527	526	0	I
186	NA	538	539	2	X
186	NA	543	542	0	I
186	NA	544	545	2	X
186	NA	551	554	4	X
186	NA	556	556	1	D
186	NA	563	562	0	I
186	NA	564	564	1	X
186	NA	568	567	0	I
186	NA	571	570	0	I
186	NA	574	574	1	X
186	NA	577	576	0	I
186	NA	578	577	0	I
186	NA	579	580	2	X
186	NA	584	585	2	X
186	NA	963	965	3	X
186	NA	968	970	3	X
186	NA	1067	1069	3	X
186	NA	1397	1397	1	X
186	NA	1861	1861	1	D
187	NA	103	102	0	I
187	NA	318	318	1	D
187	NA	963	965	3	X
187	NA	968	970	3	X
188	NA	936	939	4	D
189	NA	318	318	1	D
191	NA	104	103	0	I
191	NA	946	963	18	D
191	NA	1865	1865	1	D
192	NA	56	55	0	I
192	NA	59	58	0	I
192	NA	78	77	0	I
192	NA	103	102	0	I
192	NA	106	105	0	I
192	NA	111	110	0	I
192	NA	168	167	0	I
192	NA	289	289	1	D
192	NA	339	339	1	D
192	NA	386	386	1	D
192	NA	411	410	0	I
192	NA	586	586	1	D
192	NA	796	795	0	I
192	NA	834	833	0	I
192	NA	852	851	0	I
192	NA	946	945	0	I
192	NA	946	946	1	X
192	NA	963	965	3	X
192	NA	968	970	3	X
192	NA	1565	1564	0	I
192	NA	1609	1608	0	I
192	NA	1739	1738	0	I
192	NA	1760	1759	0	I
192	NA	1781	1780	0	I
192	NA	1787	1786	0	I
192	NA	1923	1923	1	X
193	NA	103	102	0	I
193	NA	394	394	1	D
194	NA	104	275	172	D
194	NA	945	944	0	I
194	NA	945	945	1	X
195	NA	102	113	12	D
196	NA	104	116	13	D
196	NA	117	117	1	X
196	NA	939	945	7	D
198	NA	370	369	0	I
198	NA	595	594	0	I
198	NA	940	945	6	D
198	NA	1171	1170	0	I
198	NA	1273	1272	0	I
199	NA	104	103	0	I
199	NA	394	394	1	D
199	NA	785	958	174	D
200	NA	104	103	0	I
201	NA	318	318	1	D
201	NA	944	945	2	D
201	NA	946	946	1	X
201	NA	1890	1890	1	D
203	NA	103	102	0	I
203	NA	565	565	1	D
204	NA	440	439	0	I
204	NA	940	945	6	D
204	NA	1673	1673	1	D
204	NA	1801	1800	0	I
205	NA	105	114	10	D
205	NA	115	115	1	X
205	NA	117	117	1	X
205	NA	741	740	0	I
205	NA	965	964	0	I
205	NA	965	965	1	X
205	NA	969	968	0	I
205	NA	969	969	1	X
205	NA	1070	1069	0	I
205	NA	1145	1144	0	I
205	NA	1699	1698	0	I
205	NA	1766	1765	0	I
205	NA	1810	1810	1	D
205	NA	1845	1844	0	I
206	NA	28	28	1	D
206	NA	104	103	0	I
206	NA	407	406	0	I
206	NA	445	444	0	I
206	NA	509	508	0	I
206	NA	520	520	1	D
206	NA	672	671	0	I
206	NA	741	741	1	D
206	NA	766	765	0	I
206	NA	1536	1536	1	D
206	NA	1825	1825	1	D
207	NA	61	100	40	D
207	NA	109	112	4	X
207	NA	115	119	5	D
207	NA	123	123	1	X
207	NA	125	125	1	X
207	NA	128	128	1	X
207	NA	131	132	2	X
207	NA	136	135	0	I
207	NA	136	137	2	X
207	NA	140	139	0	I
207	NA	144	144	1	X
207	NA	147	486	340	D
207	NA	487	487	1	X
207	NA	492	493	2	X
207	NA	495	500	6	X
207	NA	503	504	2	X
207	NA	509	508	0	I
207	NA	511	511	1	X
207	NA	513	512	0	I
207	NA	727	989	263	D
207	NA	1302	1302	1	D
208	NA	103	102	0	I
208	NA	963	965	3	X
208	NA	968	970	3	X
209	NA	28	27	0	I
209	NA	279	279	1	D
209	NA	482	481	0	I
209	NA	556	555	0	I
209	NA	806	806	1	D
209	NA	872	871	0	I
209	NA	946	945	0	I
209	NA	994	994	1	D
209	NA	1340	1339	0	I
209	NA	1672	1671	0	I
210	NA	102	113	12	D
210	NA	289	289	1	D
210	NA	520	520	1	D
210	NA	573	573	1	D
210	NA	1387	1386	0	I
210	NA	1579	1579	1	D
210	NA	1703	1702	0	I
211	NA	103	102	0	I
211	NA	1810	1810	1	D
212	NA	103	102	0	I
213	NA	103	103	1	X
213	NA	600	600	1	D
213	NA	1201	1200	0	I
213	NA	1382	1381	0	I
213	NA	1437	1436	0	I
213	NA	1487	1486	0	I
213	NA	1890	1890	1	D
214	NA	586	586	1	D
214	NA	963	965	3	X
214	NA	968	970	3	X
215	NA	944	945	2	D
215	NA	946	946	1	X
215	NA	1045	1045	1	X
217	NA	411	411	1	D
217	NA	1646	1645	0	I
217	NA	1858	1858	1	D
218	NA	400	400	1	D
219	NA	102	113	12	D
219	NA	370	370	1	D
219	NA	1194	1194	1	D
219	NA	1536	1536	1	D
220	NA	104	103	0	I
220	NA	255	255	1	D
220	NA	940	945	6	D
220	NA	1155	1154	0	I
221	NA	103	102	0	I
221	NA	940	945	6	D
222	NA	104	103	0	I
222	NA	394	394	1	D
222	NA	940	945	6	D
223	NA	701	700	0	I
223	NA	1771	1771	1	D
223	NA	1801	1801	1	D
225	NA	103	102	0	I
225	NA	392	391	0	I
225	NA	869	868	0	I
225	NA	1055	1054	0	I
225	NA	1923	1923	1	X
226	NA	78	77	0	I
226	NA	103	102	0	I
226	NA	963	965	3	X
226	NA	968	970	3	X
227	NA	877	877	1	D
227	NA	946	945	0	I
228	NA	61	100	40	D
228	NA	109	112	4	X
228	NA	115	119	5	D
228	NA	123	123	1	X
228	NA	125	125	1	X
228	NA	128	128	1	X
228	NA	131	132	2	X
228	NA	136	135	0	I
228	NA	136	137	2	X
228	NA	140	139	0	I
228	NA	144	144	1	X
228	NA	147	486	340	D
228	NA	487	487	1	X
228	NA	492	493	2	X
228	NA	495	500	6	X
228	NA	503	504	2	X
228	NA	509	508	0	I
228	NA	511	511	1	X
228	NA	513	512	0	I
228	NA	727	989	263	D
229	NA	394	394	1	D
229	NA	586	586	1	D
229	NA	925	925	1	X
229	NA	927	926	0	I
230	NA	104	105	2	D
230	NA	289	289	1	D
230	NA	474	473	0	I
230	NA	627	626	0	I
230	NA	796	796	1	D
230	NA	830	829	0	I
230	NA	833	833	1	X
230	NA	835	836	2	X
230	NA	839	838	0	I
230	NA	841	843	3	X
230	NA	846	846	1	X
230	NA	849	850	2	X
230	NA	853	852	0	I
230	NA	855	854	0	I
230	NA	857	859	3	X
230	NA	862	861	0	I
230	NA	865	866	2	X
230	NA	868	870	3	X
230	NA	873	872	0	I
230	NA	876	875	0	I
230	NA	877	877	1	X
230	NA	881	881	1	X
230	NA	885	884	0	I
230	NA	886	886	1	X
230	NA	890	889	0	I
230	NA	891	892	2	X
230	NA	897	896	0	I
230	NA	899	899	1	X
230	NA	902	901	0	I
230	NA	908	909	2	X
230	NA	913	912	0	I
230	NA	916	915	0	I
230	NA	916	916	1	X
230	NA	919	921	3	X
230	NA	923	924	2	X
230	NA	927	926	0	I
230	NA	930	930	1	X
230	NA	932	934	3	X
230	NA	937	937	1	X
230	NA	940	939	0	I
230	NA	943	946	4	X
230	NA	949	948	0	I
230	NA	949	949	1	X
230	NA	953	953	1	X
230	NA	957	956	0	I
230	NA	960	960	1	X
232	NA	104	275	172	D
232	NA	945	944	0	I
232	NA	945	945	1	X
232	NA	1448	1447	0	I
232	NA	1522	1522	1	D
232	NA	1890	1889	0	I
233	NA	127	126	0	I
233	NA	173	172	0	I
233	NA	190	190	1	D
233	NA	877	877	1	D
233	NA	1137	1136	0	I
233	NA	1787	1786	0	I
234	NA	28	28	1	D
234	NA	103	103	1	X
234	NA	685	684	0	I
234	NA	689	688	0	I
235	NA	104	103	0	I
235	NA	877	877	1	D
235	NA	943	944	2	D
235	NA	1695	1694	0	I
236	NA	229	229	1	D
236	NA	787	787	1	D
236	NA	1825	1825	1	D
237	NA	104	103	0	I
238	NA	105	107	3	D
238	NA	108	108	1	X
238	NA	114	116	3	D
238	NA	117	117	1	X
238	NA	363	363	1	D
239	NA	808	807	0	I
239	NA	1390	1389	0	I
241	NA	78	77	0	I
241	NA	130	129	0	I
241	NA	456	455	0	I
241	NA	946	945	0	I
241	NA	1070	1070	1	D
242	NA	104	162	59	D
242	NA	357	357	1	D
242	NA	485	484	0	I
242	NA	713	712	0	I
242	NA	842	842	1	X
242	NA	845	845	1	X
242	NA	847	854	8	D
242	NA	857	858	2	X
242	NA	862	870	9	D
242	NA	871	871	1	X
242	NA	879	880	2	X
242	NA	882	883	2	X
242	NA	885	884	0	I
242	NA	887	887	1	X
242	NA	890	893	4	D
242	NA	896	896	1	X
242	NA	900	899	0	I
242	NA	905	905	1	D
242	NA	908	910	3	X
242	NA	912	915	4	D
242	NA	919	918	0	I
242	NA	919	919	1	X
242	NA	924	923	0	I
242	NA	927	926	0	I
242	NA	931	931	1	X
242	NA	933	944	12	D
242	NA	1007	1006	0	I
242	NA	1061	1060	0	I
242	NA	1133	1133	1	D
242	NA	1190	1190	1	D
242	NA	1201	1200	0	I
242	NA	1390	1390	1	D
242	NA	1536	1536	1	D
242	NA	1646	1645	0	I
242	NA	1731	1730	0	I
242	NA	1787	1787	1	D
242	NA	1801	1800	0	I
243	NA	33	33	1	D
243	NA	103	103	1	X
243	NA	130	129	0	I
243	NA	266	265	0	I
243	NA	283	282	0	I
243	NA	358	358	1	D
243	NA	413	412	0	I
243	NA	815	814	0	I
243	NA	931	930	0	I
243	NA	1075	1075	1	D
243	NA	1792	1792	1	D
243	NA	1810	1810	1	D
244	NA	104	105	2	D
244	NA	830	829	0	I
244	NA	833	833	1	X
244	NA	835	836	2	X
244	NA	839	838	0	I
244	NA	841	843	3	X
244	NA	846	846	1	X
244	NA	849	850	2	X
244	NA	853	852	0	I
244	NA	855	854	0	I
244	NA	857	859	3	X
244	NA	862	861	0	I
244	NA	865	866	2	X
244	NA	868	870	3	X
244	NA	873	872	0	I
244	NA	876	875	0	I
244	NA	877	877	1	X
244	NA	881	881	1	X
244	NA	885	884	0	I
244	NA	886	886	1	X
244	NA	890	889	0	I
244	NA	891	892	2	X
244	NA	897	896	0	I
244	NA	899	899	1	X
244	NA	902	901	0	I
244	NA	908	909	2	X
244	NA	913	912	0	I
244	NA	916	915	0	I
244	NA	916	916	1	X
244	NA	919	921	3	X
244	NA	923	924	2	X
244	NA	927	926	0	I
244	NA	930	930	1	X
244	NA	932	934	3	X
244	NA	937	937	1	X
244	NA	940	939	0	I
244	NA	943	946	4	X
244	NA	949	948	0	I
244	NA	949	949	1	X
244	NA	953	953	1	X
244	NA	957	956	0	I
244	NA	960	960	1	X
245	NA	701	700	0	I
245	NA	940	945	6	D
246	NA	61	100	40	D
246	NA	109	112	4	X
246	NA	115	119	5	D
246	NA	123	123	1	X
246	NA	125	125	1	X
246	NA	128	128	1	X
246	NA	131	132	2	X
246	NA	136	135	0	I
246	NA	136	137	2	X
246	NA	140	139	0	I
246	NA	144	144	1	X
246	NA	147	486	340	D
246	NA	487	487	1	X
246	NA	492	493	2	X
246	NA	495	500	6	X
246	NA	503	504	2	X
246	NA	509	508	0	I
246	NA	511	511	1	X
246	NA	513	512	0	I
246	NA	727	989	263	D
247	NA	103	103	1	X
248	NA	942	945	4	D
249	NA	370	370	1	D
249	NA	494	494	1	D
249	NA	751	751	1	D
249	NA	877	877	1	D
249	NA	963	965	3	X
249	NA	968	970	3	X
249	NA	1609	1608	0	I
249	NA	1865	1865	1	D
250	NA	102	101	0	I
250	NA	798	798	1	D
250	NA	963	965	3	X
250	NA	968	970	3	X
250	NA	1067	1069	3	X
250	NA	1094	1094	1	X
250	NA	1115	1115	1	X
250	NA	1117	1117	1	X
250	NA	1172	1172	1	X
250	NA	1175	1175	1	X
250	NA	1181	1181	1	X
250	NA	1293	1293	1	X
250	NA	1332	1331	0	I
250	NA	1865	1865	1	D
252	NA	102	113	12	D
252	NA	860	859	0	I
252	NA	932	931	0	I
252	NA	954	953	0	I
252	NA	1536	1535	0	I
252	NA	1801	1801	1	D
253	NA	78	78	1	D
253	NA	104	103	0	I
253	NA	289	289	1	D
253	NA	456	456	1	D
253	NA	701	701	1	D
253	NA	1123	1122	0	I
253	NA	1180	1179	0	I
253	NA	1507	1506	0	I
253	NA	1519	1518	0	I
253	NA	1836	1836	1	D
253	NA	1851	1852	2	X
254	NA	104	162	59	D
254	NA	842	842	1	X
254	NA	845	845	1	X
254	NA	847	854	8	D
254	NA	857	858	2	X
254	NA	862	870	9	D
254	NA	871	871	1	X
254	NA	879	880	2	X
254	NA	882	883	2	X
254	NA	885	884	0	I
254	NA	887	887	1	X
254	NA	890	893	4	D
254	NA	896	896	1	X
254	NA	900	899	0	I
254	NA	905	905	1	D
254	NA	908	910	3	X
254	NA	912	915	4	D
254	NA	919	918	0	I
254	NA	919	919	1	X
254	NA	924	923	0	I
254	NA	927	926	0	I
254	NA	931	931	1	X
254	NA	933	944	12	D
255	NA	28	28	1	D
255	NA	104	103	0	I
255	NA	1201	1200	0	I
255	NA	1787	1787	1	D
256	NA	104	117	14	D
257	NA	104	103	0	I
257	NA	283	283	1	D
257	NA	941	940	0	I
257	NA	945	945	1	X
257	NA	1021	1020	0	I
259	NA	78	77	0	I
259	NA	104	103	0	I
259	NA	143	142	0	I
259	NA	205	204	0	I
259	NA	289	289	1	D
259	NA	464	463	0	I
259	NA	489	488	0	I
259	NA	787	786	0	I
259	NA	843	843	1	D
259	NA	1110	1109	0	I
259	NA	1661	1661	1	D
259	NA	1825	1825	1	D
259	NA	1923	1923	1	X
260	NA	78	78	1	D
260	NA	963	965	3	X
260	NA	968	970	3	X
261	NA	78	77	0	I
261	NA	102	113	12	D
261	NA	1081	1080	0	I
262	NA	103	102	0	I
262	NA	946	963	18	D
262	NA	1191	1190	0	I
262	NA	1201	1201	1	D
262	NA	1515	1515	1	D
263	NA	104	103	0	I
263	NA	946	945	0	I
264	NA	394	394	1	D
265	NA	102	113	12	D
265	NA	586	586	1	D
265	NA	1357	1357	1	D
265	NA	1596	1596	1	D
265	NA	1890	1890	1	D
266	NA	3	3	1	D
266	NA	104	117	14	D
267	NA	104	275	172	D
267	NA	945	944	0	I
267	NA	945	945	1	X
269	NA	104	103	0	I
269	NA	394	394	1	D
269	NA	946	945	0	I
269	NA	963	965	3	X
269	NA	968	970	3	X
269	NA	1037	1036	0	I
269	NA	1067	1069	3	X
269	NA	1094	1094	1	X
269	NA	1229	1228	0	I
269	NA	1923	1923	1	X
270	NA	28	28	1	D
270	NA	472	471	0	I
270	NA	756	755	0	I
270	NA	787	787	1	D
270	NA	941	940	0	I
270	NA	944	943	0	I
270	NA	945	945	1	X
270	NA	1865	1865	1	D
272	NA	78	78	1	D
272	NA	103	102	0	I
272	NA	940	945	6	D
272	NA	956	957	2	X
272	NA	959	970	12	D
272	NA	974	973	0	I
273	NA	26	143	118	D
273	NA	939	949	11	D
273	NA	1646	1645	0	I
274	NA	178	178	1	D
274	NA	856	855	0	I
274	NA	946	946	1	D
274	NA	951	951	1	D
274	NA	1302	1302	1	D
274	NA	1536	1536	1	D
274	NA	1565	1565	1	D
274	NA	1633	1633	1	D
274	NA	1861	1860	0	I
275	NA	936	939	4	D
276	NA	28	28	1	D
276	NA	103	102	0	I
276	NA	288	289	2	D
276	NA	370	369	0	I
276	NA	394	394	1	D
276	NA	946	945	0	I
276	NA	946	946	1	X
276	NA	958	957	0	I
276	NA	963	965	3	X
276	NA	968	970	3	X
276	NA	1058	1057	0	I
276	NA	1130	1130	1	D
276	NA	1302	1302	1	D
276	NA	1883	1882	0	I
277	NA	102	113	12	D
277	NA	1536	1536	1	D
278	NA	96	96	1	D
278	NA	272	271	0	I
278	NA	508	507	0	I
278	NA	592	592	1	D
278	NA	843	842	0	I
278	NA	877	877	1	D
278	NA	924	923	0	I
278	NA	1180	1180	1	D
278	NA	1236	1236	1	D
278	NA	1487	1486	0	I
278	NA	1588	1587	0	I
278	NA	1676	1675	0	I
278	NA	1752	1752	1	D
279	NA	1201	1200	0	I
279	NA	1825	1825	1	D
280	NA	104	103	0	I
280	NA	808	807	0	I
280	NA	1487	1487	1	D
280	NA	1613	1613	1	D
281	NA	104	117	14	D
282	NA	103	102	0	I
282	NA	561	561	1	D
282	NA	1536	1536	1	D
282	NA	1801	1801	1	D
283	NA	104	103	0	I
283	NA	370	370	1	X
283	NA	586	586	1	D
283	NA	860	860	1	D
283	NA	946	963	18	D
283	NA	1139	1139	1	D
283	NA	1659	1658	0	I
283	NA	1834	1833	0	I
284	NA	104	103	0	I
284	NA	250	249	0	I
284	NA	468	468	1	D
284	NA	848	848	1	D
284	NA	940	945	6	D
285	NA	130	129	0	I
285	NA	821	821	1	D
285	NA	946	947	2	D
285	NA	1079	1078	0	I
285	NA	1649	1648	0	I
285	NA	1892	1892	1	X
286	NA	45	44	0	I
286	NA	104	103	0	I
286	NA	532	532	1	D
287	NA	103	102	0	I
287	NA	214	213	0	I
287	NA	963	965	3	X
287	NA	968	970	3	X
287	NA	1067	1069	3	X
287	NA	1487	1486	0	I
287	NA	1630	1629	0	I
287	NA	1801	1801	1	D
288	NA	104	103	0	I
289	NA	102	113	12	D
289	NA	513	512	0	I
289	NA	532	532	1	D
289	NA	929	928	0	I
289	NA	1462	1461	0	I
289	NA	1506	1505	0	I
289	NA	1825	1825	1	D
291	NA	741	741	1	D
291	NA	940	945	6	D
291	NA	1201	1200	0	I
291	NA	1267	1266	0	I
291	NA	1801	1800	0	I
292	NA	103	102	0	I
292	NA	940	945	6	D
293	NA	936	939	4	D
293	NA	1402	1401	0	I
293	NA	1787	1787	1	D
294	NA	946	945	0	I
295	NA	104	105	2	D
295	NA	830	829	0	I
295	NA	833	833	1	X
295	NA	835	836	2	X
295	NA	839	838	0	I
295	NA	841	843	3	X
295	NA	846	846	1	X
295	NA	849	850	2	X
295	NA	853	852	0	I
295	NA	855	854	0	I
295	NA	857	859	3	X
295	NA	862	861	0	I
295	NA	865	866	2	X
295	NA	868	870	3	X
295	NA	873	872	0	I
295	NA	876	875	0	I
295	NA	877	877	1	X
295	NA	881	881	1	X
295	NA	885	884	0	I
295	NA	886	886	1	X
295	NA	890	889	0	I
295	NA	891	892	2	X
295	NA	897	896	0	I
295	NA	899	899	1	X
295	NA	902	901	0	I
295	NA	908	909	2	X
295	NA	913	912	0	I
295	NA	916	915	0	I
295	NA	916	916	1	X
295	NA	919	921	3	X
295	NA	923	924	2	X
295	NA	927	926	0	I
295	NA	930	930	1	X
295	NA	932	934	3	X
295	NA	937	937	1	X
295	NA	940	939	0	I
295	NA	943	946	4	X
295	NA	949	948	0	I
295	NA	949	949	1	X
295	NA	953	953	1	X
295	NA	957	956	0	I
295	NA	960	960	1	X
296	NA	104	103	0	I
297	NA	45	44	0	I
297	NA	104	275	172	D
297	NA	877	877	1	D
297	NA	945	944	0	I
297	NA	945	945	1	X
297	NA	1107	1107	1	D
297	NA	1890	1890	1	D
298	NA	102	113	12	D
298	NA	1336	1335	0	I
298	NA	1890	1890	1	D
299	NA	306	305	0	I
299	NA	586	586	1	D
299	NA	1075	1075	1	D
300	NA	26	143	118	D
300	NA	586	586	1	D
300	NA	939	949	11	D
301	NA	104	103	0	I
303	NA	102	113	12	D
304	NA	19	18	0	I
304	NA	82	81	0	I
304	NA	104	112	9	D
304	NA	113	113	1	X
304	NA	292	291	0	I
304	NA	370	370	1	D
304	NA	394	394	1	D
304	NA	865	864	0	I
304	NA	933	945	13	D
304	NA	1201	1201	1	D
304	NA	1308	1307	0	I
306	NA	103	102	0	I
306	NA	758	757	0	I
306	NA	1007	1006	0	I
306	NA	1609	1609	1	D
306	NA	1787	1786	0	I
307	NA	274	274	1	D
307	NA	337	336	0	I
307	NA	468	468	1	D
307	NA	624	624	1	D
307	NA	741	740	0	I
307	NA	1282	1281	0	I
307	NA	1379	1379	1	D
307	NA	1633	1633	1	D
307	NA	1673	1673	1	D
307	NA	1787	1787	1	D
308	NA	586	586	1	D
308	NA	843	843	1	D
308	NA	1112	1111	0	I
309	NA	78	78	1	D
309	NA	1661	1661	1	D
309	NA	1825	1825	1	D
310	NA	104	105	2	D
310	NA	830	829	0	I
310	NA	833	833	1	X
310	NA	835	836	2	X
310	NA	839	838	0	I
310	NA	841	843	3	X
310	NA	846	846	1	X
310	NA	849	850	2	X
310	NA	853	852	0	I
310	NA	855	854	0	I
310	NA	857	859	3	X
310	NA	862	861	0	I
310	NA	865	866	2	X
310	NA	868	870	3	X
310	NA	873	872	0	I
310	NA	876	875	0	I
310	NA	877	877	1	X
310	NA	881	881	1	X
310	NA	885	884	0	I
310	NA	886	886	1	X
310	NA	890	889	0	I
310	NA	891	892	2	X
310	NA	897	896	0	I
310	NA	899	899	1	X
310	NA	902	901	0	I
310	NA	908	909	2	X
310	NA	913	912	0	I
310	NA	916	915	0	I
310	NA	916	916	1	X
310	NA	919	921	3	X
310	NA	923	924	2	X
310	NA	927	926	0	I
310	NA	930	930	1	X
310	NA	932	934	3	X
310	NA	937	937	1	X
310	NA	940	939	0	I
310	NA	943	946	4	X
310	NA	949	948	0	I
310	NA	949	949	1	X
310	NA	953	953	1	X
310	NA	957	956	0	I
310	NA	960	960	1	X
311	NA	942	945	4	D
312	NA	45	45	1	D
312	NA	63	64	2	X
312	NA	113	113	1	D
312	NA	255	254	0	I
312	NA	411	410	0	I
312	NA	843	843	1	D
312	NA	940	945	6	D
312	NA	1241	1240	0	I
312	NA	1590	1590	1	D
312	NA	1609	1608	0	I
312	NA	1646	1645	0	I
312	NA	1853	1853	1	D
313	NA	104	103	0	I
314	NA	104	105	2	D
314	NA	241	241	1	D
314	NA	358	358	1	D
314	NA	830	829	0	I
314	NA	833	833	1	X
314	NA	835	836	2	X
314	NA	839	838	0	I
314	NA	841	843	3	X
314	NA	846	846	1	X
314	NA	849	850	2	X
314	NA	853	852	0	I
314	NA	855	854	0	I
314	NA	857	859	3	X
314	NA	862	861	0	I
314	NA	865	866	2	X
314	NA	868	870	3	X
314	NA	873	872	0	I
314	NA	876	875	0	I
314	NA	877	877	1	X
314	NA	881	881	1	X
314	NA	885	884	0	I
314	NA	886	886	1	X
314	NA	890	889	0	I
314	NA	891	892	2	X
314	NA	897	896	0	I
314	NA	899	899	1	X
314	NA	902	901	0	I
314	NA	908	909	2	X
314	NA	913	912	0	I
314	NA	916	915	0	I
314	NA	916	916	1	X
314	NA	919	921	3	X
314	NA	923	924	2	X
314	NA	927	926	0	I
314	NA	930	930	1	X
314	NA	932	934	3	X
314	NA	937	937	1	X
314	NA	940	939	0	I
314	NA	943	946	4	X
314	NA	949	949	1	X
314	NA	951	951	1	X
314	NA	957	956	0	I
315	NA	102	113	12	D
315	NA	860	859	0	I
316	NA	112	113	2	D
316	NA	1214	1214	1	D
316	NA	1792	1791	0	I
319	NA	104	103	0	I
320	NA	1424	1424	1	D
321	NA	103	102	0	I
321	NA	241	241	1	D
321	NA	963	965	3	X
321	NA	968	970	3	X
322	NA	940	945	6	D
323	NA	103	103	1	X
324	NA	104	103	0	I
324	NA	940	945	6	D
325	NA	45	44	0	I
325	NA	104	112	9	D
325	NA	113	113	1	X
325	NA	380	379	0	I
325	NA	440	439	0	I
325	NA	644	643	0	I
325	NA	933	945	13	D
325	NA	1801	1801	1	D
325	NA	1842	1841	0	I
325	NA	1890	1890	1	D
326	NA	869	869	1	D
326	NA	1151	1151	1	D
328	NA	235	235	1	D
328	NA	635	634	0	I
328	NA	940	945	6	D
328	NA	1825	1825	1	D
328	NA	1861	1861	1	D
329	NA	104	103	0	I
329	NA	289	289	1	D
329	NA	1440	1440	1	D
330	NA	45	44	0	I
330	NA	103	102	0	I
330	NA	629	628	0	I
330	NA	701	701	1	D
330	NA	741	741	1	D
330	NA	1289	1288	0	I
330	NA	1483	1482	0	I
330	NA	1646	1645	0	I
331	NA	103	102	0	I
331	NA	394	394	1	D
333	NA	103	102	0	I
333	NA	940	945	6	D
334	NA	103	102	0	I
334	NA	986	985	0	I
334	NA	1005	1004	0	I
336	NA	104	103	0	I
336	NA	946	945	0	I
337	NA	26	143	118	D
337	NA	939	949	11	D
337	NA	1787	1787	1	D
338	NA	28	28	1	D
338	NA	103	102	0	I
338	NA	306	305	0	I
339	NA	856	855	0	I
339	NA	1463	1462	0	I
339	NA	1792	1791	0	I
340	NA	773	772	0	I
340	NA	809	808	0	I
340	NA	886	885	0	I
340	NA	899	898	0	I
340	NA	979	978	0	I
340	NA	1133	1132	0	I
341	NA	104	116	13	D
341	NA	117	117	1	X
341	NA	939	945	7	D
341	NA	1390	1390	1	D
341	NA	1552	1552	1	D
341	NA	1890	1890	1	D
343	NA	479	478	0	I
344	NA	104	103	0	I
344	NA	877	877	1	D
345	NA	103	102	0	I
345	NA	963	965	3	X
345	NA	968	970	3	X
347	NA	104	103	0	I
347	NA	508	507	0	I
347	NA	946	950	5	D
347	NA	1075	1074	0	I
348	NA	103	102	0	I
348	NA	1810	1810	1	D
349	NA	28	28	1	D
349	NA	104	105	2	D
349	NA	318	318	1	D
349	NA	358	358	1	D
349	NA	830	829	0	I
349	NA	833	833	1	X
349	NA	835	836	2	X
349	NA	839	838	0	I
349	NA	841	843	3	X
349	NA	846	846	1	X
349	NA	849	850	2	X
349	NA	853	852	0	I
349	NA	855	854	0	I
349	NA	857	859	3	X
349	NA	862	861	0	I
349	NA	865	866	2	X
349	NA	868	870	3	X
349	NA	873	872	0	I
349	NA	876	875	0	I
349	NA	877	877	1	X
349	NA	881	881	1	X
349	NA	885	884	0	I
349	NA	886	886	1	X
349	NA	890	889	0	I
349	NA	891	892	2	X
349	NA	897	896	0	I
349	NA	899	899	1	X
349	NA	902	901	0	I
349	NA	908	909	2	X
349	NA	913	912	0	I
349	NA	916	915	0	I
349	NA	916	916	1	X
349	NA	919	921	3	X
349	NA	923	924	2	X
349	NA	927	926	0	I
349	NA	930	930	1	X
349	NA	932	934	3	X
349	NA	937	937	1	X
349	NA	940	939	0	I
349	NA	943	946	4	X
349	NA	949	948	0	I
349	NA	949	949	1	X
349	NA	953	953	1	X
349	NA	957	956	0	I
349	NA	960	960	1	X
350	NA	26	143	118	D
350	NA	370	370	1	D
350	NA	946	945	0	I
351	NA	26	143	118	D
351	NA	877	877	1	D
351	NA	939	949	11	D
353	NA	103	102	0	I
353	NA	394	394	1	D
353	NA	1467	1467	1	D
354	NA	104	103	0	I
355	NA	103	102	0	I
355	NA	120	119	0	I
356	NA	28	28	1	D
356	NA	103	102	0	I
357	NA	59	58	0	I
357	NA	103	102	0	I
357	NA	289	288	0	I
357	NA	689	689	1	D
357	NA	704	704	1	D
357	NA	848	847	0	I
357	NA	1060	1059	0	I
357	NA	1332	1331	0	I
357	NA	1402	1401	0	I
358	NA	936	939	4	D
360	NA	985	984	0	I
360	NA	1824	1823	0	I
361	NA	103	102	0	I
361	NA	326	325	0	I
362	NA	104	103	0	I
362	NA	1007	1007	1	D
362	NA	1609	1609	1	D
362	NA	1865	1865	1	D
363	NA	103	102	0	I
363	NA	318	318	1	D
363	NA	940	945	6	D
364	NA	1536	1535	0	I
364	NA	1801	1801	1	D
365	NA	104	103	0	I
365	NA	641	640	0	I
365	NA	741	740	0	I
366	NA	103	102	0	I
367	NA	103	102	0	I
367	NA	946	946	1	D
367	NA	980	980	1	X
368	NA	104	103	0	I
369	NA	104	103	0	I
369	NA	1596	1596	1	D
370	NA	42	41	0	I
370	NA	808	807	0	I
370	NA	831	830	0	I
370	NA	852	851	0	I
370	NA	860	860	1	D
370	NA	941	940	0	I
370	NA	944	943	0	I
370	NA	945	945	1	X
370	NA	1016	1016	1	D
370	NA	1332	1331	0	I
370	NA	1865	1865	1	D
371	NA	1	1	1	X
371	NA	104	162	59	D
371	NA	394	394	1	D
371	NA	637	637	1	D
371	NA	671	670	0	I
371	NA	751	750	0	I
371	NA	842	842	1	X
371	NA	845	845	1	X
371	NA	847	854	8	D
371	NA	857	858	2	X
371	NA	862	870	9	D
371	NA	871	871	1	X
371	NA	879	880	2	X
371	NA	882	883	2	X
371	NA	885	884	0	I
371	NA	887	887	1	X
371	NA	890	893	4	D
371	NA	896	896	1	X
371	NA	900	899	0	I
371	NA	905	905	1	D
371	NA	908	910	3	X
371	NA	912	915	4	D
371	NA	919	918	0	I
371	NA	919	919	1	X
371	NA	924	923	0	I
371	NA	927	926	0	I
371	NA	931	931	1	X
371	NA	933	944	12	D
373	NA	104	103	0	I
373	NA	223	223	1	D
373	NA	241	241	1	D
373	NA	520	520	1	D
373	NA	586	586	1	D
373	NA	852	852	1	D
373	NA	1007	1007	1	D
373	NA	1107	1107	1	D
373	NA	1171	1171	1	D
373	NA	1552	1552	1	D
373	NA	1633	1632	0	I
373	NA	1673	1673	1	D
373	NA	1787	1787	1	D
373	NA	1890	1889	0	I
374	NA	103	102	0	I
374	NA	963	965	3	X
374	NA	968	970	3	X
374	NA	1099	1098	0	I
374	NA	1760	1760	1	D
375	NA	28	28	1	D
375	NA	103	102	0	I
375	NA	190	190	1	D
375	NA	394	394	1	D
375	NA	869	869	1	D
375	NA	1201	1200	0	I
375	NA	1302	1301	0	I
375	NA	1923	1923	1	X
376	NA	103	102	0	I
377	NA	26	143	118	D
377	NA	532	532	1	D
377	NA	939	949	11	D
378	NA	103	102	0	I
378	NA	963	965	3	X
378	NA	968	970	3	X
379	NA	318	318	1	D
379	NA	925	925	1	X
379	NA	927	926	0	I
379	NA	1890	1890	1	D
380	NA	103	102	0	I
380	NA	746	746	1	D
381	NA	1853	1853	1	D
382	NA	104	103	0	I
382	NA	946	963	18	D
384	NA	1801	1801	1	D
385	NA	66	131	66	D
385	NA	370	369	0	I
385	NA	1068	1067	0	I
387	NA	104	103	0	I
388	NA	318	318	1	D
388	NA	394	394	1	D
388	NA	586	586	1	D
388	NA	940	945	6	D
388	NA	1061	1060	0	I
388	NA	1390	1390	1	D
388	NA	1463	1462	0	I
388	NA	1673	1673	1	D
388	NA	1747	1747	1	D
388	NA	1825	1825	1	D
388	NA	1865	1865	1	D
389	NA	963	965	3	X
389	NA	968	970	3	X
390	NA	104	275	172	D
390	NA	945	944	0	I
390	NA	945	945	1	X
390	NA	986	985	0	I
390	NA	1020	1019	0	I
391	NA	103	102	0	I
391	NA	215	214	0	I
391	NA	358	357	0	I
391	NA	363	362	0	I
391	NA	881	881	1	D
391	NA	940	945	6	D
391	NA	1923	1923	1	X
392	NA	103	102	0	I
392	NA	852	851	0	I
394	NA	28	28	1	D
394	NA	103	102	0	I
394	NA	877	877	1	D
394	NA	1387	1386	0	I
394	NA	1801	1801	1	D
394	NA	1825	1825	1	D
395	NA	104	117	14	D
396	NA	289	289	1	D
396	NA	860	859	0	I
396	NA	1167	1166	0	I
396	NA	1415	1415	1	D
396	NA	1735	1735	1	D
397	NA	103	102	0	I
397	NA	235	234	0	I
397	NA	637	636	0	I
398	NA	104	103	0	I
398	NA	946	963	18	D
398	NA	1007	1007	1	D
399	NA	104	103	0	I
399	NA	471	470	0	I
399	NA	946	963	18	D
400	NA	104	103	0	I
401	NA	103	102	0	I
402	NA	946	945	0	I
403	NA	103	103	1	X
403	NA	394	394	1	D
406	NA	104	103	0	I
406	NA	318	318	1	D
406	NA	629	628	0	I
406	NA	1244	1244	1	D
406	NA	1324	1323	0	I
406	NA	1609	1609	1	D
406	NA	1825	1825	1	D
406	NA	1890	1890	1	D
407	NA	1904	1903	0	I
408	NA	104	117	14	D
409	NA	104	103	0	I
409	NA	975	974	0	I
409	NA	986	985	0	I
409	NA	1133	1132	0	I
409	NA	1269	1269	1	D
409	NA	1536	1535	0	I
409	NA	1593	1592	0	I
409	NA	1609	1608	0	I
409	NA	1792	1792	1	D
410	NA	28	28	1	D
410	NA	104	103	0	I
410	NA	1787	1787	1	D
411	NA	102	113	12	D
411	NA	318	318	1	D
411	NA	1182	1181	0	I
411	NA	1846	1845	0	I
412	NA	103	102	0	I
413	NA	28	28	1	D
413	NA	103	102	0	I
413	NA	940	945	6	D
414	NA	586	585	0	I
414	NA	1100	1099	0	I
414	NA	1350	1349	0	I
415	NA	104	117	14	D
415	NA	289	289	1	D
416	NA	104	103	0	I
417	NA	104	117	14	D
417	NA	128	127	0	I
417	NA	448	447	0	I
417	NA	456	456	1	D
417	NA	509	509	1	X
417	NA	520	519	0	I
417	NA	631	630	0	I
417	NA	701	700	0	I
417	NA	884	883	0	I
417	NA	984	983	0	I
417	NA	1726	1725	0	I
418	NA	104	103	0	I
419	NA	103	102	0	I
419	NA	940	945	6	D
419	NA	1171	1170	0	I
420	NA	358	357	0	I
420	NA	1145	1144	0	I
421	NA	103	102	0	I
421	NA	940	945	6	D
423	NA	104	103	0	I
423	NA	1184	1183	0	I
424	NA	103	102	0	I
424	NA	940	945	6	D
425	NA	104	103	0	I
425	NA	153	152	0	I
425	NA	241	240	0	I
425	NA	255	254	0	I
425	NA	318	318	1	D
425	NA	475	475	1	D
425	NA	575	574	0	I
425	NA	771	770	0	I
425	NA	793	792	0	I
425	NA	1465	1464	0	I
425	NA	1822	1822	1	D
425	NA	1865	1865	1	D
426	NA	103	102	0	I
426	NA	940	945	6	D
426	NA	1306	1305	0	I
427	NA	104	103	0	I
427	NA	940	945	6	D
428	NA	104	103	0	I
428	NA	394	394	1	D
428	NA	945	948	4	D
430	NA	877	877	1	D
430	NA	945	944	0	I
430	NA	963	965	3	X
430	NA	968	970	3	X
430	NA	1067	1067	1	X
430	NA	1069	1068	0	I
430	NA	1069	1069	1	X
430	NA	1094	1094	1	X
431	NA	104	103	0	I
431	NA	1810	1810	1	D
431	NA	1861	1861	1	D
432	NA	103	103	1	X
432	NA	106	106	1	D
432	NA	113	115	3	D
432	NA	289	289	1	D
432	NA	1390	1390	1	D
432	NA	1890	1890	1	D
433	NA	103	102	0	I
433	NA	963	965	3	X
433	NA	968	970	3	X
433	NA	1067	1069	3	X
433	NA	1089	1088	0	I
433	NA	1094	1094	1	X
433	NA	1115	1115	1	X
433	NA	1117	1117	1	X
434	NA	160	159	0	I
434	NA	190	190	1	D
434	NA	962	961	0	I
434	NA	1869	1868	0	I
434	NA	1884	1883	0	I
435	NA	104	103	0	I
435	NA	1747	1747	1	D
435	NA	1890	1890	1	D
436	NA	102	113	12	D
436	NA	394	394	1	D
437	NA	104	103	0	I
437	NA	394	393	0	I
437	NA	843	842	0	I
437	NA	962	961	0	I
437	NA	1661	1660	0	I
438	NA	104	103	0	I
439	NA	104	103	0	I
439	NA	940	945	6	D
439	NA	1324	1324	1	D
440	NA	946	947	2	D
440	NA	962	962	1	D
441	NA	104	116	13	D
441	NA	117	117	1	X
441	NA	939	945	7	D
442	NA	15	14	0	I
442	NA	223	223	1	D
442	NA	254	253	0	I
442	NA	296	295	0	I
442	NA	358	358	1	D
442	NA	520	520	1	D
442	NA	607	607	1	D
442	NA	956	956	1	D
442	NA	1130	1130	1	D
442	NA	1139	1139	1	D
442	NA	1194	1193	0	I
442	NA	1199	1198	0	I
442	NA	1201	1200	0	I
442	NA	1722	1721	0	I
442	NA	1776	1776	1	D
442	NA	1787	1786	0	I
443	NA	103	102	0	I
444	NA	103	102	0	I
444	NA	318	318	1	D
444	NA	875	875	1	D
444	NA	1609	1609	1	D
446	NA	104	103	0	I
448	NA	104	105	2	D
448	NA	830	829	0	I
448	NA	833	833	1	X
448	NA	835	836	2	X
448	NA	839	838	0	I
448	NA	841	843	3	X
448	NA	846	846	1	X
448	NA	849	850	2	X
448	NA	853	852	0	I
448	NA	855	854	0	I
448	NA	857	859	3	X
448	NA	862	861	0	I
448	NA	865	866	2	X
448	NA	868	870	3	X
448	NA	873	872	0	I
448	NA	876	875	0	I
448	NA	877	877	1	X
448	NA	881	881	1	X
448	NA	885	884	0	I
448	NA	886	886	1	X
448	NA	890	889	0	I
448	NA	891	892	2	X
448	NA	897	896	0	I
448	NA	899	899	1	X
448	NA	902	901	0	I
448	NA	908	909	2	X
448	NA	913	912	0	I
448	NA	916	915	0	I
448	NA	916	916	1	X
448	NA	919	921	3	X
448	NA	923	924	2	X
448	NA	927	926	0	I
448	NA	930	930	1	X
448	NA	932	934	3	X
448	NA	937	937	1	X
448	NA	940	939	0	I
448	NA	943	946	4	X
448	NA	949	948	0	I
448	NA	949	949	1	X
448	NA	953	953	1	X
448	NA	957	956	0	I
448	NA	960	960	1	X
449	NA	104	117	14	D
449	NA	701	700	0	I
449	NA	1604	1603	0	I
451	NA	104	103	0	I
451	NA	1890	1890	1	D
453	NA	104	105	2	D
453	NA	830	829	0	I
453	NA	833	833	1	X
453	NA	835	836	2	X
453	NA	839	838	0	I
453	NA	841	843	3	X
453	NA	846	846	1	X
453	NA	849	850	2	X
453	NA	853	852	0	I
453	NA	855	854	0	I
453	NA	857	859	3	X
453	NA	862	861	0	I
453	NA	865	866	2	X
453	NA	868	870	3	X
453	NA	873	872	0	I
453	NA	876	875	0	I
453	NA	877	877	1	X
453	NA	881	881	1	X
453	NA	885	884	0	I
453	NA	886	886	1	X
453	NA	890	889	0	I
453	NA	891	892	2	X
453	NA	897	896	0	I
453	NA	899	899	1	X
453	NA	902	901	0	I
453	NA	908	909	2	X
453	NA	913	912	0	I
453	NA	916	915	0	I
453	NA	916	916	1	X
453	NA	919	921	3	X
453	NA	923	924	2	X
453	NA	927	926	0	I
453	NA	930	930	1	X
453	NA	932	934	3	X
453	NA	937	937	1	X
453	NA	940	939	0	I
453	NA	943	946	4	X
453	NA	949	948	0	I
453	NA	949	949	1	X
453	NA	953	953	1	X
453	NA	957	956	0	I
453	NA	960	960	1	X
454	NA	586	586	1	D
454	NA	1801	1801	1	D
454	NA	1825	1825	1	D
455	NA	104	103	0	I
455	NA	176	176	1	D
455	NA	425	424	0	I
455	NA	818	817	0	I
455	NA	1229	1229	1	D
455	NA	1239	1238	0	I
455	NA	1289	1288	0	I
455	NA	1310	1309	0	I
455	NA	1421	1422	2	X
455	NA	1565	1565	1	D
455	NA	1604	1603	0	I
455	NA	1653	1652	0	I
455	NA	1661	1660	0	I
457	NA	104	103	0	I
457	NA	940	945	6	D
458	NA	104	103	0	I
459	NA	370	370	1	D
459	NA	586	586	1	D
459	NA	936	939	4	D
459	NA	1089	1089	1	D
460	NA	103	102	0	I
460	NA	108	108	1	D
460	NA	279	278	0	I
460	NA	487	486	0	I
460	NA	565	565	1	D
460	NA	653	652	0	I
460	NA	1454	1453	0	I
460	NA	1552	1552	1	D
460	NA	1695	1694	0	I
460	NA	1890	1890	1	D
461	NA	104	105	2	D
461	NA	830	829	0	I
461	NA	833	833	1	X
461	NA	835	836	2	X
461	NA	839	838	0	I
461	NA	841	843	3	X
461	NA	846	846	1	X
461	NA	849	850	2	X
461	NA	853	852	0	I
461	NA	855	854	0	I
461	NA	857	859	3	X
461	NA	862	861	0	I
461	NA	865	866	2	X
461	NA	868	870	3	X
461	NA	873	872	0	I
461	NA	876	875	0	I
461	NA	877	877	1	X
461	NA	881	881	1	X
461	NA	885	884	0	I
461	NA	886	886	1	X
461	NA	890	889	0	I
461	NA	891	892	2	X
461	NA	897	896	0	I
461	NA	899	899	1	X
461	NA	902	901	0	I
461	NA	908	909	2	X
461	NA	913	912	0	I
461	NA	916	915	0	I
461	NA	916	916	1	X
461	NA	919	921	3	X
461	NA	923	924	2	X
461	NA	927	926	0	I
461	NA	930	930	1	X
461	NA	932	934	3	X
461	NA	937	937	1	X
461	NA	940	939	0	I
461	NA	943	946	4	X
461	NA	949	948	0	I
461	NA	949	949	1	X
461	NA	953	953	1	X
461	NA	957	956	0	I
461	NA	960	960	1	X
462	NA	28	28	1	D
462	NA	556	555	0	I
462	NA	940	945	6	D
463	NA	940	945	6	D
463	NA	1045	1044	0	I
463	NA	1201	1200	0	I
464	NA	104	105	2	D
464	NA	830	829	0	I
464	NA	833	833	1	X
464	NA	835	836	2	X
464	NA	839	838	0	I
464	NA	841	843	3	X
464	NA	846	846	1	X
464	NA	849	850	2	X
464	NA	853	852	0	I
464	NA	855	854	0	I
464	NA	857	859	3	X
464	NA	862	861	0	I
464	NA	865	866	2	X
464	NA	868	870	3	X
464	NA	873	872	0	I
464	NA	876	875	0	I
464	NA	877	877	1	X
464	NA	881	881	1	X
464	NA	885	884	0	I
464	NA	886	886	1	X
464	NA	890	889	0	I
464	NA	891	892	2	X
464	NA	897	896	0	I
464	NA	899	899	1	X
464	NA	902	901	0	I
464	NA	908	909	2	X
464	NA	913	912	0	I
464	NA	916	915	0	I
464	NA	916	916	1	X
464	NA	919	921	3	X
464	NA	923	924	2	X
464	NA	927	926	0	I
464	NA	930	930	1	X
464	NA	932	934	3	X
464	NA	937	937	1	X
464	NA	940	939	0	I
464	NA	943	946	4	X
464	NA	949	948	0	I
464	NA	949	949	1	X
464	NA	953	953	1	X
464	NA	957	956	0	I
464	NA	960	960	1	X
465	NA	241	240	0	I
465	NA	963	965	3	X
465	NA	968	970	3	X
465	NA	1454	1453	0	I
466	NA	250	250	1	D
466	NA	940	945	6	D
466	NA	1787	1787	1	D
466	NA	1801	1801	1	D
466	NA	1829	1829	1	D
467	NA	104	103	0	I
467	NA	266	265	0	I
467	NA	289	289	1	D
467	NA	689	689	1	D
467	NA	852	852	1	D
467	NA	940	945	6	D
468	NA	1201	1200	0	I
469	NA	93	93	1	D
469	NA	104	103	0	I
469	NA	940	945	6	D
471	NA	607	607	1	D
471	NA	768	767	0	I
471	NA	852	851	0	I
471	NA	860	859	0	I
471	NA	865	864	0	I
471	NA	940	945	6	D
471	NA	1536	1536	1	D
471	NA	1550	1549	0	I
471	NA	1565	1564	0	I
472	NA	103	102	0	I
472	NA	860	859	0	I
474	NA	274	273	0	I
474	NA	940	945	6	D
474	NA	1655	1654	0	I
474	NA	1890	1890	1	D
475	NA	128	128	1	X
475	NA	130	130	1	X
475	NA	460	460	1	D
475	NA	573	572	0	I
475	NA	838	837	0	I
475	NA	1170	1171	2	X
475	NA	1298	1297	0	I
475	NA	1402	1401	0	I
475	NA	1673	1673	1	D
476	NA	586	586	1	D
476	NA	1825	1825	1	D
477	NA	940	945	6	D
478	NA	106	106	1	D
478	NA	113	115	3	D
478	NA	940	945	6	D
479	NA	104	103	0	I
480	NA	104	103	0	I
481	NA	103	102	0	I
481	NA	1007	1007	1	D
482	NA	104	117	14	D
482	NA	1890	1890	1	D
483	NA	104	105	2	D
483	NA	830	829	0	I
483	NA	833	833	1	X
483	NA	835	836	2	X
483	NA	839	838	0	I
483	NA	841	843	3	X
483	NA	846	846	1	X
483	NA	849	850	2	X
483	NA	853	852	0	I
483	NA	855	854	0	I
483	NA	857	859	3	X
483	NA	862	861	0	I
483	NA	865	866	2	X
483	NA	868	870	3	X
483	NA	873	872	0	I
483	NA	876	875	0	I
483	NA	877	877	1	X
483	NA	881	881	1	X
483	NA	885	884	0	I
483	NA	886	886	1	X
483	NA	890	889	0	I
483	NA	891	892	2	X
483	NA	897	896	0	I
483	NA	899	899	1	X
483	NA	902	901	0	I
483	NA	908	909	2	X
483	NA	913	912	0	I
483	NA	916	915	0	I
483	NA	916	916	1	X
483	NA	919	921	3	X
483	NA	923	924	2	X
483	NA	927	926	0	I
483	NA	930	930	1	X
483	NA	932	934	3	X
483	NA	937	937	1	X
483	NA	940	939	0	I
483	NA	943	946	4	X
483	NA	949	948	0	I
483	NA	949	949	1	X
483	NA	953	953	1	X
483	NA	957	956	0	I
483	NA	960	960	1	X
485	NA	104	103	0	I
486	NA	104	162	59	D
486	NA	842	842	1	X
486	NA	845	845	1	X
486	NA	847	854	8	D
486	NA	857	858	2	X
486	NA	862	870	9	D
486	NA	871	871	1	X
486	NA	879	880	2	X
486	NA	882	883	2	X
486	NA	885	884	0	I
486	NA	887	887	1	X
486	NA	890	893	4	D
486	NA	896	896	1	X
486	NA	900	899	0	I
486	NA	905	905	1	D
486	NA	908	910	3	X
486	NA	912	915	4	D
486	NA	919	918	0	I
486	NA	919	919	1	X
486	NA	924	923	0	I
486	NA	927	926	0	I
486	NA	931	931	1	X
486	NA	933	944	12	D
487	NA	103	102	0	I
488	NA	838	837	0	I
488	NA	860	859	0	I
488	NA	1865	1865	1	D
489	NA	103	102	0	I
489	NA	940	945	6	D
490	NA	104	103	0	I
490	NA	380	379	0	I
490	NA	915	914	0	I
490	NA	1287	1286	0	I
492	NA	490	489	0	I
492	NA	570	569	0	I
492	NA	1890	1890	1	D
493	NA	61	62	2	X
493	NA	852	852	1	D
493	NA	1604	1604	1	D
493	NA	1865	1865	1	D
494	NA	317	317	1	D
494	NA	581	580	0	I
494	NA	710	709	0	I
494	NA	1007	1007	1	D
494	NA	1787	1787	1	D
494	NA	1884	1884	1	D
494	NA	1919	1918	0	I
495	NA	1201	1200	0	I
496	NA	28	28	1	D
496	NA	123	122	0	I
496	NA	940	945	6	D
496	NA	1226	1225	0	I
496	NA	1462	1461	0	I
496	NA	1832	1831	0	I
497	NA	28	28	1	D
497	NA	104	275	172	D
497	NA	681	681	1	D
497	NA	945	944	0	I
497	NA	945	945	1	X
497	NA	1128	1128	1	D
497	NA	1280	1280	1	D
497	NA	1735	1735	1	D
497	NA	1890	1890	1	D
498	NA	102	113	12	D
498	NA	245	244	0	I
499	NA	798	797	0	I
500	NA	56	55	0	I
500	NA	68	68	1	D
500	NA	168	167	0	I
500	NA	607	606	0	I
500	NA	764	763	0	I
500	NA	806	805	0	I
500	NA	1112	1111	0	I
500	NA	1145	1144	0	I
500	NA	1890	1890	1	D
501	NA	104	275	172	D
501	NA	289	289	1	D
501	NA	945	944	0	I
501	NA	945	945	1	X
503	NA	963	965	3	X
503	NA	968	970	3	X
504	NA	130	130	1	D
504	NA	586	586	1	D
504	NA	596	595	0	I
504	NA	830	829	0	I
504	NA	1258	1258	1	D
504	NA	1502	1501	0	I
504	NA	1829	1829	1	D
504	NA	1858	1858	1	D
505	NA	45	45	1	D
505	NA	103	102	0	I
505	NA	158	158	1	D
505	NA	168	167	0	I
505	NA	303	303	1	D
505	NA	411	410	0	I
505	NA	448	447	0	I
505	NA	586	586	1	D
505	NA	672	672	1	D
505	NA	749	748	0	I
505	NA	963	965	3	X
505	NA	968	970	3	X
505	NA	977	976	0	I
505	NA	1262	1261	0	I
505	NA	1284	1283	0	I
505	NA	1613	1613	1	D
505	NA	1636	1636	1	D
505	NA	1668	1668	1	D
505	NA	1673	1673	1	D
505	NA	1890	1890	1	D
506	NA	104	116	13	D
506	NA	117	117	1	X
506	NA	860	860	1	D
506	NA	939	945	7	D
508	NA	103	103	1	X
508	NA	542	541	0	I
508	NA	545	544	0	I
508	NA	865	865	1	D
508	NA	1244	1244	1	D
508	NA	1332	1331	0	I
508	NA	1825	1825	1	D
509	NA	26	143	118	D
509	NA	939	949	11	D
509	NA	1016	1016	1	D
510	NA	940	945	6	D
511	NA	440	440	1	D
511	NA	797	796	0	I
511	NA	877	877	1	D
511	NA	936	939	4	D
511	NA	963	965	3	X
511	NA	968	970	3	X
511	NA	1067	1069	3	X
511	NA	1155	1155	1	D
512	NA	103	102	0	I
512	NA	1201	1201	1	D
513	NA	28	28	1	D
513	NA	102	101	0	I
513	NA	425	424	0	I
513	NA	432	431	0	I
513	NA	515	514	0	I
513	NA	635	634	0	I
513	NA	722	721	0	I
513	NA	732	731	0	I
513	NA	756	755	0	I
513	NA	806	806	1	D
513	NA	936	935	0	I
513	NA	963	965	3	X
513	NA	968	968	1	X
513	NA	970	969	0	I
513	NA	970	970	1	X
513	NA	1011	1010	0	I
513	NA	1067	1067	1	D
513	NA	1068	1069	2	X
513	NA	1094	1094	1	X
513	NA	1115	1115	1	X
513	NA	1117	1117	1	X
513	NA	1172	1172	1	X
513	NA	1175	1175	1	X
513	NA	1386	1385	0	I
513	NA	1440	1440	1	D
513	NA	1463	1462	0	I
513	NA	1636	1635	0	I
513	NA	1890	1890	1	D
514	NA	58	57	0	I
514	NA	81	81	1	X
514	NA	168	167	0	I
514	NA	168	168	1	X
514	NA	223	223	1	D
514	NA	266	266	1	D
514	NA	306	305	0	I
514	NA	318	317	0	I
514	NA	559	558	0	I
514	NA	607	606	0	I
514	NA	793	793	1	D
514	NA	811	810	0	I
514	NA	941	940	0	I
514	NA	944	943	0	I
514	NA	945	945	1	X
514	NA	1201	1200	0	I
514	NA	1722	1721	0	I
514	NA	1787	1787	1	D
515	NA	103	102	0	I
516	NA	103	102	0	I
516	NA	456	456	1	D
517	NA	940	945	6	D
517	NA	1801	1801	1	D
517	NA	1825	1825	1	D
518	NA	3	2	0	I
518	NA	196	198	3	X
518	NA	248	247	0	I
518	NA	286	285	0	I
518	NA	312	311	0	I
518	NA	322	321	0	I
518	NA	358	358	1	D
518	NA	475	474	0	I
518	NA	708	708	1	D
518	NA	738	738	1	D
518	NA	897	896	0	I
518	NA	945	964	20	D
518	NA	972	972	1	D
518	NA	1107	1107	1	D
518	NA	1145	1145	1	D
518	NA	1201	1200	0	I
518	NA	1390	1389	0	I
518	NA	1436	1435	0	I
518	NA	1810	1810	1	D
518	NA	1871	1870	0	I
518	NA	1890	1890	1	D
519	NA	104	103	0	I
520	NA	370	370	1	D
520	NA	681	681	1	D
520	NA	1390	1390	1	D
520	NA	1865	1865	1	D
521	NA	586	586	1	D
521	NA	1801	1801	1	D
522	NA	26	143	118	D
522	NA	939	949	11	D
523	NA	586	586	1	D
523	NA	843	842	0	I
523	NA	945	948	4	D
523	NA	1092	1091	0	I
523	NA	1302	1302	1	D
524	NA	61	100	40	D
524	NA	109	112	4	X
524	NA	115	119	5	D
524	NA	123	123	1	X
524	NA	125	125	1	X
524	NA	128	128	1	X
524	NA	131	132	2	X
524	NA	136	135	0	I
524	NA	136	137	2	X
524	NA	140	139	0	I
524	NA	144	144	1	X
524	NA	147	486	340	D
524	NA	487	487	1	X
524	NA	492	493	2	X
524	NA	495	500	6	X
524	NA	503	504	2	X
524	NA	509	508	0	I
524	NA	511	511	1	X
524	NA	513	512	0	I
524	NA	727	989	263	D
524	NA	1816	1815	0	I
525	NA	103	102	0	I
525	NA	1201	1201	1	D
526	NA	104	103	0	I
526	NA	241	241	1	D
526	NA	318	318	1	D
526	NA	945	948	4	D
526	NA	1310	1309	0	I
526	NA	1379	1378	0	I
526	NA	1748	1749	2	D
526	NA	1890	1890	1	D
527	NA	103	103	1	X
527	NA	238	237	0	I
527	NA	852	852	1	D
528	NA	71	70	0	I
528	NA	383	382	0	I
528	NA	520	520	1	D
528	NA	877	877	1	D
528	NA	941	940	0	I
528	NA	944	943	0	I
528	NA	945	945	1	X
528	NA	1107	1106	0	I
528	NA	1201	1200	0	I
528	NA	1801	1800	0	I
529	NA	877	877	1	D
529	NA	951	951	1	D
529	NA	963	962	0	I
529	NA	963	965	3	X
529	NA	968	970	3	X
529	NA	1122	1121	0	I
530	NA	102	113	12	D
530	NA	592	592	1	D
530	NA	1201	1200	0	I
530	NA	1536	1536	1	D
531	NA	104	275	172	D
531	NA	860	859	0	I
531	NA	945	944	0	I
531	NA	945	945	1	X
532	NA	28	28	1	D
532	NA	45	45	1	D
532	NA	71	70	0	I
532	NA	190	190	1	D
532	NA	442	441	0	I
532	NA	509	509	1	D
532	NA	624	624	1	D
532	NA	679	679	1	X
532	NA	681	681	1	X
532	NA	843	843	1	D
532	NA	1821	1820	0	I
532	NA	1911	1911	1	D
533	NA	104	103	0	I
533	NA	520	520	1	D
534	NA	104	103	0	I
534	NA	785	958	174	D
535	NA	289	289	1	D
536	NA	173	172	0	I
536	NA	358	357	0	I
536	NA	1184	1183	0	I
536	NA	1315	1314	0	I
536	NA	1879	1878	0	I
536	NA	1913	1912	0	I
537	NA	607	607	1	D
537	NA	869	868	0	I
537	NA	945	964	20	D
538	NA	104	112	9	D
538	NA	113	113	1	X
538	NA	933	945	13	D
538	NA	1007	1007	1	D
538	NA	1747	1747	1	D
539	NA	104	103	0	I
541	NA	852	852	1	D
541	NA	944	945	2	D
541	NA	946	946	1	X
541	NA	1810	1810	1	D
542	NA	104	103	0	I
542	NA	785	958	174	D
542	NA	1201	1200	0	I
542	NA	1810	1810	1	D
544	NA	104	103	0	I
544	NA	945	948	4	D
544	NA	1636	1636	1	D
545	NA	578	578	1	D
545	NA	744	743	0	I
545	NA	751	750	0	I
545	NA	754	753	0	I
545	NA	756	755	0	I
545	NA	759	758	0	I
545	NA	783	783	1	D
545	NA	801	801	1	D
545	NA	813	813	1	D
545	NA	1053	1052	0	I
546	NA	250	250	1	D
546	NA	592	592	1	X
546	NA	940	945	6	D
547	NA	940	945	6	D
547	NA	1904	1904	1	X
548	NA	1890	1890	1	D
549	NA	28	28	1	D
549	NA	104	105	2	D
549	NA	689	689	1	D
549	NA	830	829	0	I
549	NA	833	833	1	X
549	NA	835	836	2	X
549	NA	839	838	0	I
549	NA	841	843	3	X
549	NA	846	846	1	X
549	NA	849	850	2	X
549	NA	853	852	0	I
549	NA	855	854	0	I
549	NA	857	859	3	X
549	NA	862	861	0	I
549	NA	865	866	2	X
549	NA	868	870	3	X
549	NA	873	872	0	I
549	NA	876	875	0	I
549	NA	877	877	1	X
549	NA	881	881	1	X
549	NA	885	884	0	I
549	NA	886	886	1	X
549	NA	890	889	0	I
549	NA	891	892	2	X
549	NA	897	896	0	I
549	NA	899	899	1	X
549	NA	902	901	0	I
549	NA	908	909	2	X
549	NA	913	912	0	I
549	NA	916	915	0	I
549	NA	916	916	1	X
549	NA	919	921	3	X
549	NA	923	924	2	X
549	NA	927	926	0	I
549	NA	930	930	1	X
549	NA	932	934	3	X
549	NA	937	937	1	X
549	NA	940	939	0	I
549	NA	943	946	4	X
549	NA	949	948	0	I
549	NA	949	949	1	X
549	NA	953	953	1	X
549	NA	957	956	0	I
549	NA	960	960	1	X
550	NA	103	102	0	I
550	NA	370	370	1	D
550	NA	532	531	0	I
551	NA	442	441	0	I
551	NA	1890	1889	0	I
552	NA	283	283	1	D
552	NA	326	326	1	D
552	NA	387	387	1	D
552	NA	479	479	1	D
552	NA	965	964	0	I
552	NA	968	967	0	I
552	NA	968	970	3	X
552	NA	1754	1753	0	I
553	NA	103	102	0	I
554	NA	104	103	0	I
554	NA	586	586	1	D
554	NA	843	843	1	D
554	NA	939	945	7	D
556	NA	1751	1751	1	X
557	NA	103	102	0	I
557	NA	963	965	3	X
557	NA	968	970	3	X
558	NA	940	945	6	D
559	NA	103	102	0	I
559	NA	279	278	0	I
559	NA	370	370	1	D
559	NA	586	586	1	D
559	NA	877	877	1	D
559	NA	963	965	3	X
559	NA	968	970	3	X
559	NA	1201	1200	0	I
559	NA	1536	1536	1	D
560	NA	102	113	12	D
561	NA	940	945	6	D
562	NA	103	102	0	I
562	NA	283	282	0	I
562	NA	763	762	0	I
562	NA	881	880	0	I
563	NA	104	103	0	I
563	NA	1787	1787	1	D
564	NA	274	273	0	I
564	NA	792	791	0	I
564	NA	843	843	1	D
564	NA	1302	1302	1	D
564	NA	1576	1576	1	D
564	NA	1810	1810	1	D
564	NA	1825	1825	1	D
565	NA	250	249	0	I
565	NA	394	394	1	D
565	NA	945	964	20	D
565	NA	1064	1063	0	I
565	NA	1292	1291	0	I
565	NA	1304	1305	2	X
565	NA	1825	1825	1	D
566	NA	104	103	0	I
567	NA	940	945	6	D
568	NA	102	113	12	D
569	NA	963	965	3	X
569	NA	967	967	1	X
569	NA	970	970	1	X
569	NA	1067	1067	1	X
569	NA	1069	1068	0	I
569	NA	1069	1069	1	X
570	NA	104	103	0	I
570	NA	946	963	18	D
571	NA	26	143	118	D
571	NA	939	949	11	D
571	NA	1151	1151	1	D
572	NA	370	370	1	D
572	NA	485	484	0	I
572	NA	556	556	1	D
572	NA	936	939	4	D
572	NA	988	988	1	D
572	NA	1092	1092	1	D
572	NA	1107	1106	0	I
572	NA	1370	1369	0	I
572	NA	1604	1603	0	I
572	NA	1810	1809	0	I
572	NA	1865	1865	1	D
574	NA	102	113	12	D
575	NA	809	808	0	I
575	NA	852	851	0	I
576	NA	942	945	4	D
576	NA	1106	1105	0	I
576	NA	1357	1357	1	D
576	NA	1853	1853	1	D
576	NA	1884	1883	0	I
577	NA	963	965	3	X
577	NA	968	970	3	X
577	NA	1067	1067	1	X
577	NA	1069	1069	1	X
577	NA	1115	1115	1	D
577	NA	1117	1117	1	X
578	NA	104	103	0	I
578	NA	241	241	1	D
578	NA	370	370	1	D
578	NA	1810	1810	1	D
578	NA	1825	1825	1	D
578	NA	1890	1890	1	D
579	NA	318	318	1	D
579	NA	936	939	4	D
580	NA	104	103	0	I
581	NA	104	103	0	I
581	NA	940	945	6	D
582	NA	104	103	0	I
583	NA	14	13	0	I
583	NA	49	48	0	I
583	NA	130	130	1	D
583	NA	261	261	1	D
583	NA	370	370	1	D
583	NA	411	410	0	I
583	NA	689	688	0	I
583	NA	1007	1007	1	D
583	NA	1045	1045	1	D
583	NA	1075	1074	0	I
583	NA	1171	1171	1	D
583	NA	1184	1183	0	I
583	NA	1747	1746	0	I
583	NA	1890	1889	0	I
584	NA	130	130	1	D
584	NA	255	254	0	I
584	NA	358	358	1	D
584	NA	644	643	0	I
584	NA	967	966	0	I
584	NA	1045	1044	0	I
584	NA	1058	1058	1	D
585	NA	104	103	0	I
585	NA	942	945	4	D
585	NA	1624	1623	0	I
585	NA	1626	1625	0	I
585	NA	1628	1627	0	I
585	NA	1632	1631	0	I
585	NA	1633	1632	0	I
585	NA	1735	1735	1	D
586	NA	1201	1200	0	I
587	NA	103	102	0	I
587	NA	511	510	0	I
587	NA	1151	1150	0	I
587	NA	1825	1825	1	D
588	NA	104	103	0	I
589	NA	104	103	0	I
589	NA	370	370	1	D
591	NA	1890	1889	0	I
592	NA	102	113	12	D
594	NA	104	103	0	I
594	NA	946	963	18	D
595	NA	520	520	1	D
595	NA	946	945	0	I
595	NA	1409	1409	1	D
596	NA	104	103	0	I
598	NA	943	944	2	D
598	NA	964	963	0	I
598	NA	964	965	2	X
598	NA	970	970	1	X
599	NA	104	105	2	D
599	NA	830	829	0	I
599	NA	833	833	1	X
599	NA	835	836	2	X
599	NA	839	838	0	I
599	NA	841	843	3	X
599	NA	846	846	1	X
599	NA	849	850	2	X
599	NA	853	852	0	I
599	NA	855	854	0	I
599	NA	857	859	3	X
599	NA	862	861	0	I
599	NA	865	866	2	X
599	NA	868	870	3	X
599	NA	873	872	0	I
599	NA	876	875	0	I
599	NA	877	877	1	X
599	NA	881	881	1	X
599	NA	885	884	0	I
599	NA	886	886	1	X
599	NA	890	889	0	I
599	NA	891	892	2	X
599	NA	897	896	0	I
599	NA	899	899	1	X
599	NA	902	901	0	I
599	NA	908	909	2	X
599	NA	913	912	0	I
599	NA	916	915	0	I
599	NA	916	916	1	X
599	NA	919	921	3	X
599	NA	923	924	2	X
599	NA	927	926	0	I
599	NA	930	930	1	X
599	NA	932	934	3	X
599	NA	937	937	1	X
599	NA	940	939	0	I
599	NA	943	946	4	X
599	NA	949	948	0	I
599	NA	949	949	1	X
599	NA	953	953	1	X
599	NA	957	956	0	I
599	NA	960	960	1	X
600	NA	104	117	14	D
600	NA	190	190	1	D
600	NA	241	241	1	D
600	NA	255	255	1	D
601	NA	104	103	0	I
602	NA	104	103	0	I
602	NA	1007	1006	0	I
603	NA	28	28	1	D
603	NA	963	965	3	X
603	NA	968	970	3	X
604	NA	103	102	0	I
604	NA	178	178	1	X
605	NA	4	3	0	I
605	NA	104	117	14	D
605	NA	1536	1536	1	D
605	NA	1890	1890	1	D
605	NA	1918	1920	3	D
606	NA	250	249	0	I
606	NA	456	455	0	I
606	NA	963	965	3	X
606	NA	968	970	3	X
606	NA	1467	1466	0	I
607	NA	1787	1787	1	D
608	NA	28	28	1	D
608	NA	433	433	1	D
608	NA	946	945	0	I
608	NA	1045	1044	0	I
608	NA	1244	1244	1	D
608	NA	1536	1536	1	D
608	NA	1716	1716	1	D
609	NA	103	102	0	I
609	NA	187	186	0	I
609	NA	1760	1760	1	D
610	NA	61	100	40	D
610	NA	109	112	4	X
610	NA	115	119	5	D
610	NA	123	123	1	X
610	NA	125	125	1	X
610	NA	128	128	1	X
610	NA	131	132	2	X
610	NA	136	135	0	I
610	NA	136	137	2	X
610	NA	140	139	0	I
610	NA	144	144	1	X
610	NA	147	486	340	D
610	NA	487	487	1	X
610	NA	492	493	2	X
610	NA	495	500	6	X
610	NA	503	504	2	X
610	NA	508	507	0	I
610	NA	511	511	1	X
610	NA	513	512	0	I
610	NA	586	586	1	D
610	NA	727	989	263	D
610	NA	1007	1007	1	D
610	NA	1033	1032	0	I
610	NA	1201	1201	1	D
610	NA	1787	1787	1	D
611	NA	104	103	0	I
612	NA	289	289	1	D
612	NA	941	940	0	I
612	NA	944	943	0	I
612	NA	945	945	1	X
612	NA	1536	1536	1	D
612	NA	1673	1673	1	D
613	NA	26	143	118	D
613	NA	241	240	0	I
613	NA	425	425	1	D
613	NA	450	449	0	I
613	NA	939	949	11	D
613	NA	1171	1171	1	D
613	NA	1375	1375	1	D
613	NA	1402	1402	1	D
613	NA	1536	1535	0	I
615	NA	798	797	0	I
615	NA	940	945	6	D
615	NA	968	968	1	D
615	NA	969	969	1	X
615	NA	1571	1570	0	I
616	NA	28	28	1	D
616	NA	104	116	13	D
616	NA	117	117	1	X
616	NA	318	318	1	D
616	NA	843	843	1	D
616	NA	852	852	1	D
616	NA	939	945	7	D
616	NA	1479	1478	0	I
616	NA	1502	1501	0	I
616	NA	1536	1536	1	D
617	NA	104	103	0	I
617	NA	946	963	18	D
617	NA	1007	1007	1	D
617	NA	1787	1787	1	D
617	NA	1801	1801	1	D
618	NA	1810	1810	1	D
619	NA	797	796	0	I
620	NA	104	103	0	I
620	NA	942	945	4	D
621	NA	104	117	14	D
621	NA	358	358	1	D
622	NA	104	103	0	I
622	NA	1810	1810	1	D
623	NA	102	113	12	D
623	NA	1825	1825	1	X
624	NA	104	103	0	I
624	NA	289	289	1	D
625	NA	104	103	0	I
625	NA	223	223	1	D
625	NA	425	424	0	I
625	NA	472	471	0	I
625	NA	646	645	0	I
625	NA	780	779	0	I
625	NA	946	946	1	D
625	NA	980	980	1	X
625	NA	1107	1106	0	I
625	NA	1749	1748	0	I
626	NA	940	945	6	D
627	NA	104	105	2	D
627	NA	830	829	0	I
627	NA	833	833	1	X
627	NA	835	836	2	X
627	NA	839	838	0	I
627	NA	841	843	3	X
627	NA	846	846	1	X
627	NA	849	850	2	X
627	NA	853	852	0	I
627	NA	855	854	0	I
627	NA	857	859	3	X
627	NA	862	861	0	I
627	NA	865	866	2	X
627	NA	868	870	3	X
627	NA	873	872	0	I
627	NA	876	875	0	I
627	NA	877	877	1	X
627	NA	881	881	1	X
627	NA	885	884	0	I
627	NA	886	886	1	X
627	NA	890	889	0	I
627	NA	891	892	2	X
627	NA	897	896	0	I
627	NA	899	899	1	X
627	NA	902	901	0	I
627	NA	908	909	2	X
627	NA	913	912	0	I
627	NA	916	915	0	I
627	NA	916	916	1	X
627	NA	919	921	3	X
627	NA	923	924	2	X
627	NA	927	926	0	I
627	NA	930	930	1	X
627	NA	932	934	3	X
627	NA	937	937	1	X
627	NA	940	939	0	I
627	NA	943	946	4	X
627	NA	949	948	0	I
627	NA	949	949	1	X
627	NA	953	953	1	X
627	NA	957	956	0	I
627	NA	960	960	1	X
628	NA	103	102	0	I
628	NA	701	701	1	D
629	NA	963	965	3	X
629	NA	968	970	3	X
630	NA	104	105	2	D
630	NA	830	829	0	I
630	NA	833	833	1	X
630	NA	835	836	2	X
630	NA	839	838	0	I
630	NA	841	843	3	X
630	NA	846	846	1	X
630	NA	849	850	2	X
630	NA	853	852	0	I
630	NA	855	854	0	I
630	NA	857	859	3	X
630	NA	862	861	0	I
630	NA	865	866	2	X
630	NA	868	870	3	X
630	NA	873	872	0	I
630	NA	876	875	0	I
630	NA	877	877	1	X
630	NA	881	881	1	X
630	NA	885	884	0	I
630	NA	886	886	1	X
630	NA	890	889	0	I
630	NA	891	892	2	X
630	NA	897	896	0	I
630	NA	899	899	1	X
630	NA	902	901	0	I
630	NA	908	909	2	X
630	NA	913	912	0	I
630	NA	916	915	0	I
630	NA	916	916	1	X
630	NA	919	921	3	X
630	NA	923	924	2	X
630	NA	927	926	0	I
630	NA	930	930	1	X
630	NA	932	934	3	X
630	NA	937	937	1	X
630	NA	940	939	0	I
630	NA	943	946	4	X
630	NA	949	948	0	I
630	NA	949	949	1	X
630	NA	953	953	1	X
630	NA	957	956	0	I
630	NA	960	960	1	X
632	NA	261	261	1	D
632	NA	274	274	1	D
632	NA	289	288	0	I
632	NA	318	318	1	D
632	NA	704	704	1	D
632	NA	877	877	1	D
632	NA	941	940	0	I
632	NA	944	943	0	I
632	NA	944	945	2	X
632	NA	1194	1193	0	I
632	NA	1609	1609	1	D
632	NA	1825	1825	1	D
633	NA	190	189	0	I
634	NA	104	103	0	I
634	NA	358	358	1	D
634	NA	561	561	1	D
634	NA	586	586	1	D
634	NA	852	852	1	D
634	NA	1536	1536	1	D
634	NA	1754	1753	0	I
634	NA	1787	1787	1	D
635	NA	28	28	1	D
635	NA	104	116	13	D
635	NA	117	117	1	X
635	NA	939	945	7	D
635	NA	1155	1155	1	D
636	NA	104	103	0	I
636	NA	607	607	1	D
636	NA	946	963	18	D
638	NA	173	173	1	D
638	NA	532	532	1	D
638	NA	881	881	1	D
638	NA	1016	1015	0	I
638	NA	1171	1171	1	D
639	NA	104	103	0	I
639	NA	173	172	0	I
639	NA	232	231	0	I
639	NA	299	299	1	D
639	NA	370	370	1	D
639	NA	437	436	0	I
639	NA	494	494	1	D
639	NA	881	880	0	I
639	NA	940	945	6	D
639	NA	1007	1007	1	D
639	NA	1302	1301	0	I
639	NA	1346	1345	0	I
639	NA	1890	1890	1	D
640	NA	103	102	0	I
640	NA	872	871	0	I
640	NA	1483	1482	0	I
640	NA	1536	1535	0	I
640	NA	1825	1825	1	D
641	NA	203	203	1	D
641	NA	218	218	1	D
641	NA	681	681	1	D
641	NA	728	728	1	D
641	NA	942	945	4	D
641	NA	1201	1200	0	I
641	NA	1536	1536	1	D
641	NA	1756	1756	1	D
641	NA	1801	1801	1	D
641	NA	1865	1865	1	D
641	NA	1890	1890	1	D
643	NA	103	102	0	I
644	NA	104	103	0	I
644	NA	394	394	1	D
645	NA	278	277	0	I
645	NA	843	843	1	D
645	NA	1890	1890	1	D
646	NA	28	28	1	D
646	NA	103	102	0	I
646	NA	437	436	0	I
646	NA	598	598	1	D
646	NA	1404	1403	0	I
646	NA	1716	1716	1	D
646	NA	1801	1801	1	D
647	NA	520	519	0	I
647	NA	689	689	1	D
647	NA	940	945	6	D
647	NA	1007	1007	1	D
648	NA	104	103	0	I
648	NA	946	946	1	D
648	NA	1565	1564	0	I
649	NA	104	103	0	I
649	NA	515	514	0	I
650	NA	139	138	0	I
650	NA	619	618	0	I
650	NA	872	872	1	D
650	NA	1661	1661	1	D
650	NA	1825	1825	1	D
651	NA	318	318	1	D
651	NA	1045	1045	1	D
651	NA	1439	1438	0	I
651	NA	1801	1801	1	D
652	NA	104	103	0	I
652	NA	940	945	6	D
653	NA	2	2	1	X
653	NA	207	207	1	X
653	NA	1557	1556	0	I
654	NA	2	2	1	X
654	NA	28	27	0	I
654	NA	422	421	0	I
654	NA	860	859	0	I
654	NA	1459	1458	0	I
655	NA	2	2	1	X
655	NA	104	103	0	I
655	NA	223	222	0	I
655	NA	229	228	0	I
655	NA	946	963	18	D
655	NA	1123	1122	0	I
655	NA	1592	1591	0	I
656	NA	2	2	1	X
656	NA	741	741	1	D
656	NA	1364	1363	0	I
656	NA	1801	1801	1	D
657	NA	2	2	1	X
657	NA	85	85	1	D
657	NA	103	102	0	I
658	NA	2	2	1	X
658	NA	946	945	0	I
658	NA	965	964	0	I
658	NA	972	972	1	D
659	NA	2	2	1	X
659	NA	205	205	1	D
659	NA	318	318	1	D
659	NA	509	509	1	D
659	NA	659	658	0	I
659	NA	1194	1193	0	I
659	NA	1201	1200	0	I
659	NA	1659	1659	1	D
659	NA	1884	1883	0	I
660	NA	2	2	1	X
660	NA	104	105	2	D
660	NA	274	274	1	D
660	NA	318	318	1	D
660	NA	431	430	0	I
660	NA	479	479	1	D
660	NA	586	586	1	D
660	NA	700	699	0	I
660	NA	830	829	0	I
660	NA	833	833	1	X
660	NA	835	836	2	X
660	NA	839	838	0	I
660	NA	841	843	3	X
660	NA	846	846	1	X
660	NA	849	850	2	X
660	NA	853	852	0	I
660	NA	855	854	0	I
660	NA	857	859	3	X
660	NA	862	861	0	I
660	NA	865	866	2	X
660	NA	868	870	3	X
660	NA	873	872	0	I
660	NA	876	875	0	I
660	NA	877	877	1	X
660	NA	881	881	1	X
660	NA	885	884	0	I
660	NA	886	886	1	X
660	NA	890	889	0	I
660	NA	891	892	2	X
660	NA	897	896	0	I
660	NA	899	899	1	X
660	NA	902	901	0	I
660	NA	908	909	2	X
660	NA	913	912	0	I
660	NA	916	915	0	I
660	NA	916	916	1	X
660	NA	919	921	3	X
660	NA	923	924	2	X
660	NA	927	926	0	I
660	NA	930	930	1	X
660	NA	932	934	3	X
660	NA	937	937	1	X
660	NA	940	939	0	I
660	NA	943	946	4	X
660	NA	949	948	0	I
660	NA	949	949	1	X
660	NA	953	953	1	X
660	NA	957	956	0	I
660	NA	960	960	1	X
661	NA	104	103	0	I
662	NA	2	2	1	X
662	NA	28	28	1	D
662	NA	61	100	40	D
662	NA	109	112	4	X
662	NA	115	119	5	D
662	NA	123	123	1	X
662	NA	125	125	1	X
662	NA	128	128	1	X
662	NA	131	132	2	X
662	NA	136	135	0	I
662	NA	136	137	2	X
662	NA	140	139	0	I
662	NA	144	144	1	X
662	NA	147	486	340	D
662	NA	487	487	1	X
662	NA	492	493	2	X
662	NA	495	500	6	X
662	NA	503	504	2	X
662	NA	509	508	0	I
662	NA	511	511	1	X
662	NA	513	512	0	I
662	NA	520	520	1	D
662	NA	561	561	1	D
662	NA	586	586	1	D
662	NA	727	989	263	D
662	NA	1055	1054	0	I
662	NA	1244	1244	1	D
662	NA	1258	1258	1	D
662	NA	1390	1390	1	D
662	NA	1661	1661	1	D
662	NA	1825	1825	1	D
662	NA	1913	1913	1	D
663	NA	2	2	1	X
663	NA	104	103	0	I
663	NA	223	223	1	D
663	NA	255	255	1	D
663	NA	513	512	0	I
663	NA	556	556	1	D
663	NA	793	792	0	I
663	NA	843	843	1	D
663	NA	860	860	1	D
663	NA	1332	1332	1	D
663	NA	1760	1759	0	I
663	NA	1787	1787	1	D
663	NA	1810	1809	0	I
663	NA	1822	1821	0	I
663	NA	1913	1912	0	I
664	NA	2	2	1	X
664	NA	78	78	1	D
664	NA	104	103	0	I
664	NA	223	222	0	I
664	NA	520	519	0	I
664	NA	941	945	5	D
664	NA	1201	1200	0	I
664	NA	1754	1753	0	I
664	NA	1801	1801	1	D
665	NA	2	2	1	X
665	NA	570	570	1	D
665	NA	1923	1923	1	X
666	NA	2	2	1	X
666	NA	28	28	1	D
666	NA	104	112	9	D
666	NA	190	190	1	D
666	NA	283	282	0	I
666	NA	400	399	0	I
666	NA	509	508	0	I
666	NA	513	512	0	I
666	NA	520	520	1	D
666	NA	536	535	0	I
666	NA	741	741	1	D
666	NA	780	779	0	I
666	NA	958	957	0	I
666	NA	963	965	3	X
666	NA	968	970	3	X
666	NA	1001	1000	0	I
666	NA	1067	1069	3	X
666	NA	1094	1094	1	X
666	NA	1125	1124	0	I
666	NA	1722	1721	0	I
666	NA	1858	1857	0	I
667	NA	2	2	1	X
667	NA	104	103	0	I
667	NA	746	745	0	I
667	NA	1007	1006	0	I
668	NA	184	183	0	I
668	NA	374	373	0	I
668	NA	951	951	1	D
668	NA	1042	1041	0	I
668	NA	1133	1132	0	I
668	NA	1890	1890	1	D
669	NA	2	2	1	X
669	NA	45	44	0	I
669	NA	103	102	0	I
669	NA	326	325	0	I
669	NA	380	379	0	I
669	NA	712	711	0	I
669	NA	843	842	0	I
669	NA	869	868	0	I
669	NA	1282	1282	1	D
669	NA	1340	1340	1	D
669	NA	1524	1523	0	I
669	NA	1532	1531	0	I
669	NA	1735	1734	0	I
669	NA	1795	1794	0	I
670	NA	2	2	1	X
670	NA	104	103	0	I
671	NA	2	2	1	X
671	NA	18	17	0	I
671	NA	26	143	118	D
671	NA	318	317	0	I
671	NA	586	585	0	I
671	NA	713	712	0	I
671	NA	806	805	0	I
671	NA	939	949	11	D
671	NA	1292	1292	1	D
671	NA	1801	1801	1	D
671	NA	1810	1810	1	D
671	NA	1913	1912	0	I
672	NA	2	2	1	X
672	NA	121	120	0	I
672	NA	646	645	0	I
672	NA	938	938	1	D
672	NA	964	963	0	I
672	NA	964	965	2	X
672	NA	970	969	0	I
672	NA	970	970	1	X
673	NA	2	2	1	X
673	NA	19	18	0	I
673	NA	28	28	1	D
673	NA	67	66	0	I
673	NA	70	69	0	I
673	NA	76	75	0	I
673	NA	102	113	12	D
673	NA	323	322	0	I
673	NA	561	561	1	D
673	NA	793	792	0	I
673	NA	918	917	0	I
673	NA	1678	1677	0	I
673	NA	1700	1699	0	I
673	NA	1770	1769	0	I
673	NA	1902	1902	1	X
674	NA	102	113	12	D
675	NA	104	103	0	I
675	NA	830	829	0	I
675	NA	833	833	1	X
675	NA	835	836	2	X
675	NA	839	838	0	I
675	NA	841	843	3	X
675	NA	846	846	1	X
675	NA	849	850	2	X
675	NA	853	852	0	I
675	NA	855	854	0	I
675	NA	857	859	3	X
675	NA	862	861	0	I
675	NA	865	866	2	X
675	NA	868	870	3	X
675	NA	873	872	0	I
675	NA	876	875	0	I
675	NA	877	877	1	X
675	NA	881	881	1	X
675	NA	885	884	0	I
675	NA	886	886	1	X
675	NA	890	889	0	I
675	NA	891	892	2	X
675	NA	897	896	0	I
675	NA	899	899	1	X
675	NA	902	901	0	I
675	NA	908	909	2	X
675	NA	913	912	0	I
675	NA	916	920	5	X
675	NA	922	928	7	X
675	NA	930	930	1	X
675	NA	932	935	4	X
675	NA	937	941	5	X
675	NA	945	952	8	X
675	NA	954	956	3	X
675	NA	958	960	3	X
675	NA	963	963	1	X
675	NA	965	971	7	X
675	NA	973	976	4	X
675	NA	978	978	1	X
675	NA	981	982	2	X
675	NA	984	987	4	X
676	NA	103	102	0	I
676	NA	766	765	0	I
676	NA	1054	1053	0	I
676	NA	1302	1301	0	I
676	NA	1390	1390	1	D
676	NA	1451	1450	0	I
676	NA	1463	1462	0	I
677	NA	28	28	1	D
677	NA	103	102	0	I
677	NA	963	965	3	X
677	NA	968	970	3	X
678	NA	1801	1801	1	D
679	NA	104	103	0	I
679	NA	1207	1207	1	D
679	NA	1801	1801	1	D
680	NA	4	4	1	X
680	NA	100	103	4	D
680	NA	108	108	1	D
680	NA	130	130	1	D
680	NA	235	235	1	D
680	NA	241	241	1	D
680	NA	596	596	1	D
680	NA	932	931	0	I
680	NA	1070	1070	1	D
680	NA	1128	1127	0	I
680	NA	1184	1183	0	I
680	NA	1280	1280	1	D
680	NA	1390	1390	1	D
680	NA	1890	1890	1	D
681	NA	4	4	1	X
681	NA	103	102	0	I
681	NA	394	394	1	D
681	NA	411	410	0	I
681	NA	417	416	0	I
681	NA	545	544	0	I
681	NA	1081	1081	1	D
681	NA	1409	1409	1	D
681	NA	1426	1426	1	D
681	NA	1438	1439	2	X
681	NA	1547	1546	0	I
681	NA	1613	1613	1	D
681	NA	1747	1746	0	I
682	NA	946	945	0	I
